Workbook

Sheet Julho-2022
A1: Papel | B1: Descrição | C1: Grupo | D1: Gramatura (g/m²) | E1: Custo ($/t)|Valor REAL
A2: 0 | B2: OUTROS | C2: 20-40-60 | D2: 1 | E2: 1
A3: BRN 056 | B3: BRANCO 56G/M² | C3: 7-14-21 | D3: 50 | E3: 6049.64
A4: BRN075 | B4: BRANCO 70g | D4: 75 | E4: 5497.94
A5: BRN075 | B5: BRANCO 75g | D5: 75 | E5: 5497.94
A6: BRN100 | C6: 7-14-21 | D6: 100 | E6: 0
A7: BRN110 | B7: Branco 110 | C7: 7-14-21 | D7: 110 | E7: 0
A8: BRN120 | B8: BRANCO WTL | C8: 7-14-21 | D8: 120 | E8: 6215.19
A9: BRN130 | B9: BRANCO WTL | C9: 7-14-21 | D9: 120 | E9: 5882.97
A10: BRN140 | B10: BRANCO WTL | C10: 7-14-21 | D10: 140 | E10: 5882.97
A11: BRN150 | B11: BRANCO WTL | C11: 7-14-21 | D11: 150 | E11: 5882.97
A12: BRN175 | B12: BRANCO WTL KLABIN | C12: 7-14-21 | D12: 175 | E12: 6644.74
A13: BRN180 | B13: BRANCO | C13: 7-14-21 | D13: 175 | E13: =E12 -> 6644.74
A14: BRN63 | B14: BRANCO | C14: 7-14-21 | D14: 50 | E14: =E3 -> 6049.64
A15: BRN90 | B15: BRANCO 90G/M² | C15: 20-40-60 | D15: 90 | E15: 5980
A16: CNP190 | B16: COUTING NEOPACK | C16: 20-40-60 | D16: 190 | E16: 7756.23
A17: KKN 150 | B17: KRAFT 150g | D17: 150 | E17: 5095.6
A18: KKN 375 | B18: PAPEL KRAFT 375G | C18: 7-14-21 | D18: 375 | E18: 5095.6
A19: KKN080 | B19: KRAFT P/ ACOPLAGEM | C19: 7-14-21 | D19: 80 | E19: 6119.67
A20: KKN90 | B20: KRAFT | C20: 7-14-21 | D20: 100 | E20: 5095.6
A21: KKN100 | B21: KRAFT | C21: 7-14-21 | D21: 100 | E21: 5095.6
A22: KKN110 | B22: KRAFT | C22: 7-14-21 | D22: 115 | E22: 5095.6
A23: KKN125 | B23: KRAFT | C23: 7-14-21 | D23: 125 | E23: 5095.6
A24: KKN130 | B24: KRAFT | C24: 7-14-21 | D24: 125 | E24: 5095.6
A25: KKN140 | B25: KRAFT | C25: 7-14-21 | D25: 140 | E25: 5095.6
A26: KKN155 | B26: KRAFT 155 | D26: 155 | E26: 5095.6
A27: KKN160 | B27: KRAFT NORMAL 160g | C27: 7-14-21 | D27: 170 | E27: 5095.6
A28: KKN170 | B28: KRAFT NORMAL 170G | C28: 7-14-21 | D28: 180 | E28: 5095.6
A29: KKN175 | B29: KRAFT | C29: 7-14-21 | D29: 185 | E29: 5095.6
A30: KKN185 | B30: KRAFT | C30: 7-14-21 | D30: 185 | E30: 5095.6
A31: KKN190 | B31: KRAFT | C31: 7-14-21 | D31: 200 | E31: 5095.6
A32: KKN200 | B32: KRAFT | C32: 7-14-21 | D32: 200 | E32: 5095.6
A33: KKN240 | B33: KRAFT | C33: 7-14-21 | D33: 240 | E33: 5095.6
A34: KKN280 | B34: KRAFT 280 | C34: 7-14-21 | D34: 280 | E34: 5095.6
A35: KKP110 | B35: KRAFT 110g PLASTIFICADO (15g) | C35: 7-14-21 | D35: 130 | E35: =E22+4640 -> 9735.6
A36: KKP125 | B36: KKN125(125g) + Plastif(15g) | C36: 7-14-21 | D36: 145 | E36: =E35 -> 9735.6
A37: MEN 190 | B37: MIOLO ESPECIAL 190 | C37: 7-14-21 | D37: 190 | E37: 2994.47
A38: MEN 350 | B38: MIOLO 350 GRAMAS ESPECIAL | C38: 7-14-21 | D38: 350 | E38: 2994.47
A39: MEN150 | B39: MIOLO RECICLADO | C39: 7-14-21 | D39: 150 | E39: 2994.47
A40: MEN165 | B40: MIOLO RECICLADO | C40: 7-14-21 | D40: 165 | E40: 2994.47
A41: MK 110 | D41: 110 | E41: 4640.28
A42: MNN100 | B42: MIOLO RECICLADO | C42: 7-14-21 | D42: 100 | E42: 2994.47
A43: MNN110 | B43: MIOLO RECICLADO | C43: 7-14-21 | D43: 110 | E43: 2994.47
A44: MNN120 | B44: MIOLO RECICLADO | C44: 7-14-21 | D44: 125 | E44: 2994.47
A45: MNN130 | B45: MIOLO RECICLADO | C45: 7-14-21 | D45: 135 | E45: 2994.47
A46: MNN140 | B46: MIOLO RECICLADO | C46: 7-14-21 | D46: 140 | E46: 2994.47
A47: MS 130 | B47: MIOLO SIZE | D47: 130 | E47: 2994.47
A48: MT 100 | C48: 7-14-21 | D48: 100 | E48: 4103.17
A49: MT080 | C49: 7-14-21 | D49: 80 | E49: =E48 -> 4103.17
A50: MT110 | C50: 7-14-21 | D50: 110 | E50: =E49 -> 4103.17
A51: MT120 | C51: 7-14-21 | D51: 120 | E51: =E50 -> 4103.17
A52: MT140 | C52: 7-14-21 | D52: 140 | E52: =E51 -> 4103.17
A53: MT160 | D53: 160 | E53: =E52 -> 4103.17
A54: MT185 | C54: 7-14-21 | D54: 185 | E54: =E53 -> 4103.17
A55: MTP120 | C55: 7-14-21 | D55: 140 | E55: =E54 -> 4103.17
A56: TL125 | B56: Testliner de 125g | C56: 7-14-21 | D56: 125 | E56: 4640.28
A57: TL180 | B57: TESTLINER180 | D57: 180 | E57: =E56 -> 4640.28
A58: TTL120 | B58: TEST LINER - JBS | C58: 20-40-60 | D58: 120 | E58: 5818.97

Sheet Agosto-2022
A1: Papel | B1: Descrição | C1: Grupo | D1: Gramatura (g/m²) | E1: Custo ($/t)|Valor REAL
A2: 0 | B2: OUTROS | C2: 20-40-60 | D2: 1 | E2: 1
A3: BRN 056 | B3: BRANCO 56G/M² | C3: 7-14-21 | D3: 50 | E3: 7093.63
A4: BRN075 | B4: BRANCO 70g | D4: 75 | E4: 5497.94
A5: BRN075 | B5: BRANCO 75g | D5: 75 | E5: 5497.94
A6: BRN100 | C6: 7-14-21 | D6: 100 | E6: 0
A7: BRN110 | B7: Branco 110 | C7: 7-14-21 | D7: 110 | E7: 0
A8: BRN120 | B8: BRANCO WTL | C8: 7-14-21 | D8: 120 | E8: 5280.81
A9: BRN130 | B9: BRANCO WTL | C9: 7-14-21 | D9: 120 | E9: 5280.81
A10: BRN140 | B10: BRANCO WTL | C10: 7-14-21 | D10: 140 | E10: 5280.81
A11: BRN150 | B11: BRANCO WTL | C11: 7-14-21 | D11: 150 | E11: 5280.81
A12: BRN175 | B12: BRANCO WTL KLABIN | C12: 7-14-21 | D12: 175 | E12: 6644.74
A13: BRN180 | B13: BRANCO | C13: 7-14-21 | D13: 175 | E13: =E12 -> 6644.74
A14: BRN63 | B14: BRANCO | C14: 7-14-21 | D14: 50 | E14: =E3 -> 7093.63
A15: BRN90 | B15: BRANCO 90G/M² | C15: 20-40-60 | D15: 90 | E15: 7517.91
A16: CNP190 | B16: COUTING NEOPACK | C16: 20-40-60 | D16: 190 | E16: 7730.43
A17: KKN 150 | B17: KRAFT 150g | D17: 150 | E17: 4968.79
A18: KKN 375 | B18: PAPEL KRAFT 375G | C18: 7-14-21 | D18: 375 | E18: 4968.79
A19: KKN080 | B19: KRAFT P/ ACOPLAGEM | C19: 7-14-21 | D19: 80 | E19: 6169.67
A20: KKN90 | B20: KRAFT | C20: 7-14-21 | D20: 100 | E20: 4968.79
A21: KKN100 | B21: KRAFT | C21: 7-14-21 | D21: 100 | E21: 4968.79
A22: KKN110 | B22: KRAFT | C22: 7-14-21 | D22: 115 | E22: 4968.79
A23: KKN125 | B23: KRAFT | C23: 7-14-21 | D23: 125 | E23: 4968.79
A24: KKN130 | B24: KRAFT | C24: 7-14-21 | D24: 125 | E24: 4968.79
A25: KKN140 | B25: KRAFT | C25: 7-14-21 | D25: 140 | E25: 4968.79
A26: KKN155 | B26: KRAFT 155 | D26: 155 | E26: 4968.79
A27: KKN160 | B27: KRAFT NORMAL 160g | C27: 7-14-21 | D27: 170 | E27: 4968.79
A28: KKN170 | B28: KRAFT NORMAL 170G | C28: 7-14-21 | D28: 180 | E28: 4968.79
A29: KKN175 | B29: KRAFT | C29: 7-14-21 | D29: 185 | E29: 4968.79
A30: KKN185 | B30: KRAFT | C30: 7-14-21 | D30: 185 | E30: 4968.79
A31: KKN190 | B31: KRAFT | C31: 7-14-21 | D31: 200 | E31: 4968.79
A32: KKN200 | B32: KRAFT | C32: 7-14-21 | D32: 200 | E32: 4968.79
A33: KKN240 | B33: KRAFT | C33: 7-14-21 | D33: 240 | E33: 4968.79
A34: KKN280 | B34: KRAFT 280 | C34: 7-14-21 | D34: 280 | E34: 4968.79
A35: KKP110 | B35: KRAFT 110g PLASTIFICADO (15g) | C35: 7-14-21 | D35: 130 | E35: =E22+4640 -> 9608.79
A36: KKP125 | B36: KKN125(125g) + Plastif(15g) | C36: 7-14-21 | D36: 145 | E36: =E35 -> 9608.79
A37: MEN 190 | B37: MIOLO ESPECIAL 190 | C37: 7-14-21 | D37: 190 | E37: 3310.25
A38: MEN 350 | B38: MIOLO 350 GRAMAS ESPECIAL | C38: 7-14-21 | D38: 350 | E38: 3310.25
A39: MEN150 | B39: MIOLO RECICLADO | C39: 7-14-21 | D39: 150 | E39: 3310.25
A40: MEN165 | B40: MIOLO RECICLADO | C40: 7-14-21 | D40: 165 | E40: 3310.25
A41: MK 110 | D41: 110 | E41: 4640.28
A42: MNN100 | B42: MIOLO RECICLADO | C42: 7-14-21 | D42: 100 | E42: 3310.25
A43: MNN110 | B43: MIOLO RECICLADO | C43: 7-14-21 | D43: 110 | E43: 3310.25
A44: MNN120 | B44: MIOLO RECICLADO | C44: 7-14-21 | D44: 125 | E44: 3310.25
A45: MNN130 | B45: MIOLO RECICLADO | C45: 7-14-21 | D45: 135 | E45: 3310.25
A46: MNN140 | B46: MIOLO RECICLADO | C46: 7-14-21 | D46: 140 | E46: 3310.25
A47: MS 130 | B47: MIOLO SIZE | D47: 130 | E47: 3310.25
A48: MT 100 | C48: 7-14-21 | D48: 100 | E48: 4103.17
A49: MT080 | C49: 7-14-21 | D49: 80 | E49: =E48 -> 4103.17
A50: MT110 | C50: 7-14-21 | D50: 110 | E50: =E49 -> 4103.17
A51: MT120 | C51: 7-14-21 | D51: 120 | E51: =E50 -> 4103.17
A52: MT140 | C52: 7-14-21 | D52: 140 | E52: =E51 -> 4103.17
A53: MT160 | D53: 160 | E53: =E52 -> 4103.17
A54: MT185 | C54: 7-14-21 | D54: 185 | E54: =E53 -> 4103.17
A55: MTP120 | C55: 7-14-21 | D55: 140 | E55: =E54 -> 4103.17
A56: TL125 | B56: Testliner de 125g | C56: 7-14-21 | D56: 125 | E56: 4640.28
A57: TL180 | B57: TESTLINER180 | D57: 180 | E57: =E56 -> 4640.28
A58: TTL120 | B58: TEST LINER - JBS | C58: 20-40-60 | D58: 120 | E58: 5818.97

Sheet Setembro-2022
A1: Papel | B1: Descrição | C1: Grupo | D1: Gramatura (g/m²) | E1: Custo ($/t)|Valor REAL
A2: 0 | B2: OUTROS | C2: 20-40-60 | D2: 1 | E2: 1
A3: BRN 056 | B3: BRANCO 56G/M² | C3: 7-14-21 | D3: 50 | E3: 5486.54
A4: BRN075 | B4: BRANCO 70g | D4: 75 | E4: 5497.94
A5: BRN075 | B5: BRANCO 75g | D5: 75 | E5: 5497.94
A6: BRN100 | C6: 7-14-21 | D6: 100 | E6: 0
A7: BRN110 | B7: Branco 110 | C7: 7-14-21 | D7: 110 | E7: 0
A8: BRN120 | B8: BRANCO WTL | C8: 7-14-21 | D8: 120 | E8: 5482.58
A9: BRN130 | B9: BRANCO WTL | C9: 7-14-21 | D9: 120 | E9: 5482.58
A10: BRN140 | B10: BRANCO WTL | C10: 7-14-21 | D10: 140 | E10: 5482.58
A11: BRN150 | B11: BRANCO WTL | C11: 7-14-21 | D11: 150 | E11: 5100.51
A12: BRN175 | B12: BRANCO WTL KLABIN | C12: 7-14-21 | D12: 175 | E12: 6644.74
A13: BRN180 | B13: BRANCO | C13: 7-14-21 | D13: 175 | E13: =E12 -> 6644.74
A14: BRN63 | B14: BRANCO | C14: 7-14-21 | D14: 50 | E14: =E3 -> 5486.54
A15: BRN90 | B15: BRANCO 90G/M² | C15: 20-40-60 | D15: 90 | E15: 4855.15
A16: CNP190 | B16: COUTING NEOPACK | C16: 20-40-60 | D16: 190 | E16: 8274.64
A17: KKN 150 | B17: KRAFT 150g | D17: 150 | E17: 5125.19
A18: KKN 375 | B18: PAPEL KRAFT 375G | C18: 7-14-21 | D18: 375 | E18: 5125.19
A19: KKN080 | B19: KRAFT P/ ACOPLAGEM | C19: 7-14-21 | D19: 80 | E19: 6170.15
A20: KKN90 | B20: KRAFT | C20: 7-14-21 | D20: 100 | E20: 5125.19
A21: KKN100 | B21: KRAFT | C21: 7-14-21 | D21: 100 | E21: 5125.19
A22: KKN110 | B22: KRAFT | C22: 7-14-21 | D22: 115 | E22: 5125.19
A23: KKN125 | B23: KRAFT | C23: 7-14-21 | D23: 125 | E23: 5125.19
A24: KKN130 | B24: KRAFT | C24: 7-14-21 | D24: 125 | E24: 5125.19
A25: KKN140 | B25: KRAFT | C25: 7-14-21 | D25: 140 | E25: 5125.19
A26: KKN155 | B26: KRAFT 155 | D26: 155 | E26: 5125.19
A27: KKN160 | B27: KRAFT NORMAL 160g | C27: 7-14-21 | D27: 170 | E27: 5125.19
A28: KKN170 | B28: KRAFT NORMAL 170G | C28: 7-14-21 | D28: 180 | E28: 5125.19
A29: KKN175 | B29: KRAFT | C29: 7-14-21 | D29: 185 | E29: 5125.19
A30: KKN185 | B30: KRAFT | C30: 7-14-21 | D30: 185 | E30: 5125.19
A31: KKN190 | B31: KRAFT | C31: 7-14-21 | D31: 200 | E31: 5125.19
A32: KKN200 | B32: KRAFT | C32: 7-14-21 | D32: 200 | E32: 5125.19
A33: KKN240 | B33: KRAFT | C33: 7-14-21 | D33: 240 | E33: 5125.19
A34: KKN280 | B34: KRAFT 280 | C34: 7-14-21 | D34: 280 | E34: 5125.19
A35: KKP110 | B35: KRAFT 110g PLASTIFICADO (15g) | C35: 7-14-21 | D35: 130 | E35: =E22+4640 -> 9765.19
A36: KKP125 | B36: KKN125(125g) + Plastif(15g) | C36: 7-14-21 | D36: 145 | E36: =E35 -> 9765.19
A37: MEN 190 | B37: MIOLO ESPECIAL 190 | C37: 7-14-21 | D37: 190 | E37: 3290.05
A38: MEN 350 | B38: MIOLO 350 GRAMAS ESPECIAL | C38: 7-14-21 | D38: 350 | E38: 3290.05
A39: MEN150 | B39: MIOLO RECICLADO | C39: 7-14-21 | D39: 150 | E39: 3290.05
A40: MEN165 | B40: MIOLO RECICLADO | C40: 7-14-21 | D40: 165 | E40: 3290.05
A41: MK 110 | D41: 110 | E41: 4640.28
A42: MNN100 | B42: MIOLO RECICLADO | C42: 7-14-21 | D42: 100 | E42: 3290.05
A43: MNN110 | B43: MIOLO RECICLADO | C43: 7-14-21 | D43: 110 | E43: 3290.05
A44: MNN120 | B44: MIOLO RECICLADO | C44: 7-14-21 | D44: 125 | E44: 3290.05
A45: MNN130 | B45: MIOLO RECICLADO | C45: 7-14-21 | D45: 135 | E45: 3290.05
A46: MNN140 | B46: MIOLO RECICLADO | C46: 7-14-21 | D46: 140 | E46: 3290.05
A47: MS 130 | B47: MIOLO SIZE | D47: 130 | E47: 3290.05
A48: MT 100 | C48: 7-14-21 | D48: 100 | E48: 4103.17
A49: MT080 | C49: 7-14-21 | D49: 80 | E49: =E48 -> 4103.17
A50: MT110 | C50: 7-14-21 | D50: 110 | E50: =E49 -> 4103.17
A51: MT120 | C51: 7-14-21 | D51: 120 | E51: =E50 -> 4103.17
A52: MT140 | C52: 7-14-21 | D52: 140 | E52: =E51 -> 4103.17
A53: MT160 | D53: 160 | E53: =E52 -> 4103.17
A54: MT185 | C54: 7-14-21 | D54: 185 | E54: =E53 -> 4103.17
A55: MTP120 | C55: 7-14-21 | D55: 140 | E55: =E54 -> 4103.17
A56: TL125 | B56: Testliner de 125g | C56: 7-14-21 | D56: 125 | E56: 4640.28
A57: TL180 | B57: TESTLINER180 | D57: 180 | E57: =E56 -> 4640.28
A58: TTL120 | B58: TEST LINER - JBS | C58: 20-40-60 | D58: 120 | E58: 5818.97

Sheet Outubro-2022
A1: Papel | B1: Descrição | C1: Grupo | D1: Gramatura (g/m²) | E1: Custo ($/t)|Valor REAL
A2: 0 | B2: OUTROS | C2: 20-40-60 | D2: 1 | E2: 1
A3: BRN 056 | B3: BRANCO 56G/M² | C3: 7-14-21 | D3: 50 | E3: 7585.93 | G3: =E3/5486.54 -> 1.3826437 | H3: de diferença em relação ao mês anterior
A4: BRN075 | B4: BRANCO 70g | D4: 75 | E4: =E3 -> 7585.93
A5: BRN075 | B5: BRANCO 75g | D5: 75 | E5: =E3 -> 7585.93
A6: BRN100 | C6: 7-14-21 | D6: 100 | E6: 0
A7: BRN110 | B7: Branco 110 | C7: 7-14-21 | D7: 110 | E7: 0
A8: BRN120 | B8: BRANCO WTL | C8: 7-14-21 | D8: 120 | E8: 5902.73
A9: BRN130 | B9: BRANCO WTL | C9: 7-14-21 | D9: 120 | E9: =E8 -> 5902.73
A10: BRN140 | B10: BRANCO WTL | C10: 7-14-21 | D10: 140 | E10: =E8 -> 5902.73
A11: BRN150 | B11: BRANCO WTL | C11: 7-14-21 | D11: 150 | E11: 5100.51
A12: BRN175 | B12: BRANCO WTL KLABIN | C12: 7-14-21 | D12: 175 | E12: 6644.74
A13: BRN180 | B13: BRANCO | C13: 7-14-21 | D13: 175 | E13: =E12 -> 6644.74
A14: BRN63 | B14: BRANCO | C14: 7-14-21 | D14: 50 | E14: =E3 -> 7585.93
A15: BRN90 | B15: BRANCO 90G/M² | C15: 20-40-60 | D15: 90 | E15: 6413.91 | G15: =E15/4855.15 -> 1.3210529 | H15: de diferença em relação ao mês anterior
A16: CNP190 | B16: COUTING NEOPACK | C16: 20-40-60 | D16: 190 | E16: 7856.01
A17: KKN 150 | B17: KRAFT 150g | D17: 150 | E17: 5014.28
A18: KKN 375 | B18: PAPEL KRAFT 375G | C18: 7-14-21 | D18: 375 | E18: 5014.28
A19: KKN080 | B19: KRAFT P/ ACOPLAGEM | C19: 7-14-21 | D19: 80 | E19: 6056.63
A20: KKN90 | B20: KRAFT | C20: 7-14-21 | D20: 100 | E20: 5014.28
A21: KKN100 | B21: KRAFT | C21: 7-14-21 | D21: 100 | E21: 5014.28
A22: KKN110 | B22: KRAFT | C22: 7-14-21 | D22: 115 | E22: 5014.28
A23: KKN125 | B23: KRAFT | C23: 7-14-21 | D23: 125 | E23: 5014.28
A24: KKN130 | B24: KRAFT | C24: 7-14-21 | D24: 125 | E24: 5014.28
A25: KKN140 | B25: KRAFT | C25: 7-14-21 | D25: 140 | E25: 5014.28
A26: KKN155 | B26: KRAFT 155 | D26: 155 | E26: 5014.28
A27: KKN160 | B27: KRAFT NORMAL 160g | C27: 7-14-21 | D27: 170 | E27: 5014.28
A28: KKN170 | B28: KRAFT NORMAL 170G | C28: 7-14-21 | D28: 180 | E28: 5014.28
A29: KKN175 | B29: KRAFT | C29: 7-14-21 | D29: 185 | E29: 5014.28
A30: KKN185 | B30: KRAFT | C30: 7-14-21 | D30: 185 | E30: 5014.28
A31: KKN190 | B31: KRAFT | C31: 7-14-21 | D31: 200 | E31: 5014.28
A32: KKN200 | B32: KRAFT | C32: 7-14-21 | D32: 200 | E32: 5014.28
A33: KKN240 | B33: KRAFT | C33: 7-14-21 | D33: 240 | E33: 5014.28
A34: KKN280 | B34: KRAFT 280 | C34: 7-14-21 | D34: 280 | E34: 5014.28
A35: KKP110 | B35: KRAFT 110g PLASTIFICADO (15g) | C35: 7-14-21 | D35: 130 | E35: =E36 -> 6703.03
A36: KKP125 | B36: KKN125(125g) + Plastif(15g) | C36: 7-14-21 | D36: 145 | E36: 6703.03
A37: MEN 190 | B37: MIOLO ESPECIAL 190 | C37: 7-14-21 | D37: 190 | E37: 3390.07
A38: MEN 350 | B38: MIOLO 350 GRAMAS ESPECIAL | C38: 7-14-21 | D38: 350 | E38: 3390.07
A39: MEN150 | B39: MIOLO RECICLADO | C39: 7-14-21 | D39: 150 | E39: 3390.07
A40: MEN165 | B40: MIOLO RECICLADO | C40: 7-14-21 | D40: 165 | E40: 3390.07
A41: MK 110 | D41: 110 | E41: =E56 -> 4640.28
A42: MNN100 | B42: MIOLO RECICLADO | C42: 7-14-21 | D42: 100 | E42: 3390.07
A43: MNN110 | B43: MIOLO RECICLADO | C43: 7-14-21 | D43: 110 | E43: 3390.07
A44: MNN120 | B44: MIOLO RECICLADO | C44: 7-14-21 | D44: 125 | E44: 3390.07
A45: MNN130 | B45: MIOLO RECICLADO | C45: 7-14-21 | D45: 135 | E45: 3390.07
A46: MNN140 | B46: MIOLO RECICLADO | C46: 7-14-21 | D46: 140 | E46: 3390.07
A47: MS 130 | B47: MIOLO SIZE | D47: 130 | E47: 3390.07
A48: MT 100 | C48: 7-14-21 | D48: 100 | E48: =E56 -> 4640.28
A49: MT080 | C49: 7-14-21 | D49: 80 | E49: =E48 -> 4640.28
A50: MT110 | C50: 7-14-21 | D50: 110 | E50: =E49 -> 4640.28
A51: MT120 | C51: 7-14-21 | D51: 120 | E51: =E50 -> 4640.28
A52: MT140 | C52: 7-14-21 | D52: 140 | E52: =E51 -> 4640.28
A53: MT160 | D53: 160 | E53: =E52 -> 4640.28
A54: MT185 | C54: 7-14-21 | D54: 185 | E54: =E53 -> 4640.28
A55: MTP120 | C55: 7-14-21 | D55: 140 | E55: =E54 -> 4640.28
A56: TL125 | B56: Testliner de 125g | C56: 7-14-21 | D56: 125 | E56: 4640.28
A57: TL180 | B57: TESTLINER180 | D57: 180 | E57: =E56 -> 4640.28
A58: TTL120 | B58: TEST LINER - JBS | C58: 20-40-60 | D58: 120 | E58: =E57 -> 4640.28

Sheet Novembro-2022
A1: Papel | B1: Descrição | C1: Grupo | D1: Gramatura (g/m²) | E1: Custo ($/t)|Valor REAL
A2: 0 | B2: OUTROS | C2: 20-40-60 | D2: 1 | E2: 1
A3: BRN 056 | B3: BRANCO 56G/M² | C3: 7-14-21 | D3: 50 | E3: 7585.93
A4: BRN075 | B4: BRANCO 70g | D4: 75 | E4: =E3 -> 7585.93
A5: BRN075 | B5: BRANCO 75g | D5: 75 | E5: =E3 -> 7585.93
A6: BRN100 | C6: 7-14-21 | D6: 100 | E6: 0
A7: BRN110 | B7: Branco 110 | C7: 7-14-21 | D7: 110 | E7: 0
A8: BRN120 | B8: BRANCO WTL | C8: 7-14-21 | D8: 120 | E8: 5280.81
A9: BRN130 | B9: BRANCO WTL | C9: 7-14-21 | D9: 120 | E9: =E8 -> 5280.81
A10: BRN140 | B10: BRANCO WTL | C10: 7-14-21 | D10: 140 | E10: =E8 -> 5280.81
A11: BRN150 | B11: BRANCO WTL | C11: 7-14-21 | D11: 150 | E11: 5882.97
A12: BRN175 | B12: BRANCO WTL KLABIN | C12: 7-14-21 | D12: 175 | E12: 6644.74
A13: BRN180 | B13: BRANCO | C13: 7-14-21 | D13: 175 | E13: =E12 -> 6644.74
A14: BRN63 | B14: BRANCO | C14: 7-14-21 | D14: 50 | E14: =E3 -> 7585.93
A15: BRN90 | B15: BRANCO 90G/M² | C15: 20-40-60 | D15: 90 | E15: 6724.38
A16: CNP190 | B16: COUTING NEOPACK | C16: 20-40-60 | D16: 190 | E16: 7856.01
A17: KKN 150 | B17: KRAFT 150g | D17: 150 | E17: 5385.42
A18: KKN 375 | B18: PAPEL KRAFT 375G | C18: 7-14-21 | D18: 375 | E18: 5385.42
A19: KKN080 | B19: KRAFT P/ ACOPLAGEM | C19: 7-14-21 | D19: 80 | E19: 6056.63
A20: KKN90 | B20: KRAFT | C20: 7-14-21 | D20: 100 | E20: 5385.42
A21: KKN100 | B21: KRAFT | C21: 7-14-21 | D21: 100 | E21: 5385.42
A22: KKN110 | B22: KRAFT | C22: 7-14-21 | D22: 115 | E22: 5385.42
A23: KKN125 | B23: KRAFT | C23: 7-14-21 | D23: 125 | E23: 5385.42
A24: KKN130 | B24: KRAFT | C24: 7-14-21 | D24: 125 | E24: 5385.42
A25: KKN140 | B25: KRAFT | C25: 7-14-21 | D25: 140 | E25: 5385.42
A26: KKN155 | B26: KRAFT 155 | D26: 155 | E26: 5385.42
A27: KKN160 | B27: KRAFT NORMAL 160g | C27: 7-14-21 | D27: 170 | E27: 5385.42
A28: KKN170 | B28: KRAFT NORMAL 170G | C28: 7-14-21 | D28: 180 | E28: 5385.42
A29: KKN175 | B29: KRAFT | C29: 7-14-21 | D29: 185 | E29: 5385.42
A30: KKN185 | B30: KRAFT | C30: 7-14-21 | D30: 185 | E30: 5385.42
A31: KKN190 | B31: KRAFT | C31: 7-14-21 | D31: 200 | E31: 5385.42
A32: KKN200 | B32: KRAFT | C32: 7-14-21 | D32: 200 | E32: 5385.42
A33: KKN240 | B33: KRAFT | C33: 7-14-21 | D33: 240 | E33: 5385.42
A34: KKN280 | B34: KRAFT 280 | C34: 7-14-21 | D34: 280 | E34: 5385.42
A35: KKP110 | B35: KRAFT 110g PLASTIFICADO (15g) | C35: 7-14-21 | D35: 130 | E35: =E36 -> 6703.03
A36: KKP125 | B36: KKN125(125g) + Plastif(15g) | C36: 7-14-21 | D36: 145 | E36: 6703.03
A37: MEN 190 | B37: MIOLO ESPECIAL 190 | C37: 7-14-21 | D37: 190 | E37: 3337.28
A38: MEN 350 | B38: MIOLO 350 GRAMAS ESPECIAL | C38: 7-14-21 | D38: 350 | E38: 3337.28
A39: MEN150 | B39: MIOLO RECICLADO | C39: 7-14-21 | D39: 150 | E39: 3337.28
A40: MEN165 | B40: MIOLO RECICLADO | C40: 7-14-21 | D40: 165 | E40: 3337.28
A41: MK 110 | D41: 110 | E41: =E56 -> 4640.28
A42: MNN100 | B42: MIOLO RECICLADO | C42: 7-14-21 | D42: 100 | E42: 3337.28
A43: MNN110 | B43: MIOLO RECICLADO | C43: 7-14-21 | D43: 110 | E43: 3337.28
A44: MNN120 | B44: MIOLO RECICLADO | C44: 7-14-21 | D44: 125 | E44: 3337.28
A45: MNN130 | B45: MIOLO RECICLADO | C45: 7-14-21 | D45: 135 | E45: 3337.28
A46: MNN140 | B46: MIOLO RECICLADO | C46: 7-14-21 | D46: 140 | E46: 3337.28
A47: MS 130 | B47: MIOLO SIZE | D47: 130 | E47: 3337.28
A48: MT 100 | C48: 7-14-21 | D48: 100 | E48: =E56 -> 4640.28
A49: MT080 | C49: 7-14-21 | D49: 80 | E49: =E48 -> 4640.28
A50: MT110 | C50: 7-14-21 | D50: 110 | E50: =E49 -> 4640.28
A51: MT120 | C51: 7-14-21 | D51: 120 | E51: =E50 -> 4640.28
A52: MT140 | C52: 7-14-21 | D52: 140 | E52: =E51 -> 4640.28
A53: MT160 | D53: 160 | E53: =E52 -> 4640.28
A54: MT185 | C54: 7-14-21 | D54: 185 | E54: =E53 -> 4640.28
A55: MTP120 | C55: 7-14-21 | D55: 140 | E55: =E54 -> 4640.28
A56: TL125 | B56: Testliner de 125g | C56: 7-14-21 | D56: 125 | E56: 4640.28
A57: TL180 | B57: TESTLINER180 | D57: 180 | E57: =E56 -> 4640.28
A58: TTL120 | B58: TEST LINER - JBS | C58: 20-40-60 | D58: 120 | E58: =E57 -> 4640.28

Sheet Dezembro-2022
A1: Papel | B1: Descrição | C1: Grupo | D1: Gramatura (g/m²) | E1: Custo ($/t)|Valor REAL
A2: 0 | B2: OUTROS | C2: 20-40-60 | D2: 1 | E2: 1
A3: BRN 056 | B3: BRANCO 56G/M² | C3: 7-14-21 | D3: 50 | E3: 7585.93
A4: BRN075 | B4: BRANCO 70g | D4: 75 | E4: =E3 -> 7585.93
A5: BRN075 | B5: BRANCO 75g | D5: 75 | E5: =E3 -> 7585.93
A6: BRN100 | C6: 7-14-21 | D6: 100 | E6: 0
A7: BRN110 | B7: Branco 110 | C7: 7-14-21 | D7: 110 | E7: 0
A8: BRN120 | B8: BRANCO WTL | C8: 7-14-21 | D8: 120 | E8: 5650
A9: BRN130 | B9: BRANCO WTL | C9: 7-14-21 | D9: 120 | E9: 5902.73
A10: BRN140 | B10: BRANCO WTL | C10: 7-14-21 | D10: 140 | E10: 5902.73
A11: BRN150 | B11: BRANCO WTL | C11: 7-14-21 | D11: 150 | E11: 6590
A12: BRN175 | B12: BRANCO WTL KLABIN | C12: 7-14-21 | D12: 175 | E12: 6590 | G12: Variação de - 0,87%
A13: BRN180 | B13: BRANCO | C13: 7-14-21 | D13: 175 | E13: 6644.74
A14: BRN63 | B14: BRANCO | C14: 7-14-21 | D14: 50 | E14: =E3 -> 7585.93
A15: BRN90 | B15: BRANCO 90G/M² | C15: 20-40-60 | D15: 90 | E15: 5650.4 | G15: Variação de - 15,97%
A16: CNP190 | B16: COUTING NEOPACK | C16: 20-40-60 | D16: 190 | E16: 7856.01
A17: KKN 150 | B17: KRAFT 150g | D17: 150 | E17: 5289.26 | G17: Variação de - 1,79%
A18: KKN 375 | B18: PAPEL KRAFT 375G | C18: 7-14-21 | D18: 375 | E18: 7400
A19: KKN080 | B19: KRAFT P/ ACOPLAGEM | C19: 7-14-21 | D19: 80 | E19: 6056.63
A20: KKN90 | B20: KRAFT | C20: 7-14-21 | D20: 100 | E20: 5289.26
A21: KKN100 | B21: KRAFT | C21: 7-14-21 | D21: 100 | E21: 5289.26
A22: KKN110 | B22: KRAFT | C22: 7-14-21 | D22: 115 | E22: 5289.26
A23: KKN125 | B23: KRAFT | C23: 7-14-21 | D23: 125 | E23: 5289.26
A24: KKN130 | B24: KRAFT | C24: 7-14-21 | D24: 125 | E24: 5289.26
A25: KKN140 | B25: KRAFT | C25: 7-14-21 | D25: 140 | E25: 5289.26
A26: KKN155 | B26: KRAFT 155 | D26: 155 | E26: 5289.26
A27: KKN160 | B27: KRAFT NORMAL 160g | C27: 7-14-21 | D27: 170 | E27: 5289.26
A28: KKN170 | B28: KRAFT NORMAL 170G | C28: 7-14-21 | D28: 180 | E28: 5289.26
A29: KKN175 | B29: KRAFT | C29: 7-14-21 | D29: 185 | E29: 5289.26
A30: KKN185 | B30: KRAFT | C30: 7-14-21 | D30: 185 | E30: 5289.26
A31: KKN190 | B31: KRAFT | C31: 7-14-21 | D31: 200 | E31: 5289.26
A32: KKN200 | B32: KRAFT | C32: 7-14-21 | D32: 200 | E32: 5289.26
A33: KKN240 | B33: KRAFT | C33: 7-14-21 | D33: 240 | E33: 5289.26
A34: KKN280 | B34: KRAFT 280 | C34: 7-14-21 | D34: 280 | E34: 7370
A35: KKP110 | B35: KRAFT 110g PLASTIFICADO (15g) | C35: 7-14-21 | D35: 130 | E35: =E36 -> 6703.03
A36: KKP125 | B36: KKN125(125g) + Plastif(15g) | C36: 7-14-21 | D36: 145 | E36: 6703.03
A37: MEN 190 | B37: MIOLO ESPECIAL 190 | C37: 7-14-21 | D37: 190 | E37: 3356.52 | G37: Variação de 0,58%
A38: MEN 350 | B38: MIOLO 350 GRAMAS ESPECIAL | C38: 7-14-21 | D38: 350 | E38: 3356.52
A39: MEN150 | B39: MIOLO RECICLADO | C39: 7-14-21 | D39: 150 | E39: 3356.52
A40: MEN165 | B40: MIOLO RECICLADO | C40: 7-14-21 | D40: 165 | E40: 3356.52
A41: MK 110 | D41: 110 | E41: =E56 -> 4640.28
A42: MNN100 | B42: MIOLO RECICLADO | C42: 7-14-21 | D42: 100 | E42: 3356.52
A43: MNN110 | B43: MIOLO RECICLADO | C43: 7-14-21 | D43: 110 | E43: 3356.52
A44: MNN120 | B44: MIOLO RECICLADO | C44: 7-14-21 | D44: 125 | E44: 3356.52
A45: MNN130 | B45: MIOLO RECICLADO | C45: 7-14-21 | D45: 135 | E45: 3356.52
A46: MNN140 | B46: MIOLO RECICLADO | C46: 7-14-21 | D46: 140 | E46: 3356.52
A47: MS 130 | B47: MIOLO SIZE | D47: 130 | E47: 3356.52
A48: MT 100 | C48: 7-14-21 | D48: 100 | E48: =E56 -> 4640.28
A49: MT080 | C49: 7-14-21 | D49: 80 | E49: =E48 -> 4640.28
A50: MT110 | C50: 7-14-21 | D50: 110 | E50: =E49 -> 4640.28
A51: MT120 | C51: 7-14-21 | D51: 120 | E51: =E50 -> 4640.28
A52: MT140 | C52: 7-14-21 | D52: 140 | E52: =E51 -> 4640.28
A53: MT160 | D53: 160 | E53: =E52 -> 4640.28
A54: MT185 | C54: 7-14-21 | D54: 185 | E54: =E53 -> 4640.28
A55: MTP120 | C55: 7-14-21 | D55: 140 | E55: =E54 -> 4640.28
A56: TL125 | B56: Testliner de 125g | C56: 7-14-21 | D56: 125 | E56: 4640.28
A57: TL180 | B57: TESTLINER180 | D57: 180 | E57: =E56 -> 4640.28
A58: TTL120 | B58: TEST LINER - JBS | C58: 20-40-60 | D58: 120 | E58: =E57 -> 4640.28

Sheet Janeiro-2023
A1: Papel | B1: Descrição | C1: Grupo | D1: Gramatura (g/m²) | E1: Custo ($/t)|Valor REAL
A2: 0 | B2: OUTROS | C2: 20-40-60 | D2: 1 | E2: 1
A3: BRN 056 | B3: BRANCO 56G/M² | C3: 7-14-21 | D3: 50 | E3: 6694.71
A4: BRN075 | B4: BRANCO 70g | D4: 75 | E4: =E3 -> 6694.71
A5: BRN075 | B5: BRANCO 75g | D5: 75 | E5: =E3 -> 6694.71
A6: BRN100 | C6: 7-14-21 | D6: 100 | E6: 0
A7: BRN110 | B7: Branco 110 | C7: 7-14-21 | D7: 110 | E7: 0
A8: BRN120 | B8: BRANCO WTL | C8: 7-14-21 | D8: 120 | E8: =6.356*1000 -> 6356
A9: BRN130 | B9: BRANCO WTL | C9: 7-14-21 | D9: 120 | E9: 5902.73
A10: BRN140 | B10: BRANCO WTL | C10: 7-14-21 | D10: 140 | E10: 5902.73
A11: BRN150 | B11: BRANCO WTL | C11: 7-14-21 | D11: 150 | E11: 5458
A12: BRN175 | B12: BRANCO WTL KLABIN | C12: 7-14-21 | D12: 175 | E12: =6.296*1000 -> 6296 | G12: Variação de - 0,87%
A13: BRN180 | B13: BRANCO | C13: 7-14-21 | D13: 175 | E13: 6644.74
A14: BRN63 | B14: BRANCO | C14: 7-14-21 | D14: 50 | E14: =E3 -> 6694.71
A15: BRN90 | B15: BRANCO 90G/M² | C15: 20-40-60 | D15: 90 | E15: 5650.4 | G15: Variação de - 15,97%
A16: CNP190 | B16: COUTING NEOPACK | C16: 20-40-60 | D16: 190 | E16: 7856.01
A17: KKN 150 | B17: KRAFT 150g | D17: 150 | E17: 5289.26 | G17: Variação de - 1,79%
A18: KKN 375 | B18: PAPEL KRAFT 375G | C18: 7-14-21 | D18: 375 | E18: 5708
A19: KKN080 | B19: KRAFT P/ ACOPLAGEM | C19: 7-14-21 | D19: 80 | E19: 6284
A20: KKN90 | B20: KRAFT | C20: 7-14-21 | D20: 100 | E20: 5289.26
A21: KKN100 | B21: KRAFT | C21: 7-14-21 | D21: 100 | E21: 5289.26
A22: KKN110 | B22: KRAFT | C22: 7-14-21 | D22: 115 | E22: 4896
A23: KKN125 | B23: KRAFT | C23: 7-14-21 | D23: 125 | E23: =5.136*1000 -> 5136
A24: KKN130 | B24: KRAFT | C24: 7-14-21 | D24: 125 | E24: 5289.26
A25: KKN140 | B25: KRAFT | C25: 7-14-21 | D25: 140 | E25: 5289.26
A26: KKN155 | B26: KRAFT 155 | D26: 155 | E26: 5289.26
A27: KKN160 | B27: KRAFT NORMAL 160g | C27: 7-14-21 | D27: 170 | E27: 5289.26
A28: KKN170 | B28: KRAFT NORMAL 170G | C28: 7-14-21 | D28: 180 | E28: 5289.26
A29: KKN175 | B29: KRAFT | C29: 7-14-21 | D29: 185 | E29: 5289.26
A30: KKN185 | B30: KRAFT | C30: 7-14-21 | D30: 185 | E30: =5.213*1000 -> 5213
A31: KKN190 | B31: KRAFT | C31: 7-14-21 | D31: 200 | E31: 5289.26
A32: KKN200 | B32: KRAFT | C32: 7-14-21 | D32: 200 | E32: 5289.26
A33: KKN240 | B33: KRAFT | C33: 7-14-21 | D33: 240 | E33: 5289.26
A34: KKN280 | B34: KRAFT 280 | C34: 7-14-21 | D34: 280 | E34: 7370
A35: KKP110 | B35: KRAFT 110g PLASTIFICADO (15g) | C35: 7-14-21 | D35: 130 | E35: =E36 -> 6703.03
A36: KKP125 | B36: KKN125(125g) + Plastif(15g) | C36: 7-14-21 | D36: 145 | E36: 6703.03
A37: MEN 190 | B37: MIOLO ESPECIAL 190 | C37: 7-14-21 | D37: 190 | E37: 3487 | G37: Variação de 0,58%
A38: MEN 350 | B38: MIOLO 350 GRAMAS ESPECIAL | C38: 7-14-21 | D38: 350 | E38: 3356.52
A39: MEN150 | B39: MIOLO RECICLADO | C39: 7-14-21 | D39: 150 | E39: 3448
A40: MEN165 | B40: MIOLO RECICLADO | C40: 7-14-21 | D40: 165 | E40: 3356.52
A41: MK 110 | D41: 110 | E41: =E56 -> 4640.28
A42: MNN100 | B42: MIOLO RECICLADO | C42: 7-14-21 | D42: 100 | E42: 3356.52
A43: MNN110 | B43: MIOLO RECICLADO | C43: 7-14-21 | D43: 110 | E43: 3177
A44: MNN120 | B44: MIOLO RECICLADO | C44: 7-14-21 | D44: 125 | E44: 3356.52
A45: MNN130 | B45: MIOLO RECICLADO | C45: 7-14-21 | D45: 135 | E45: 3356.52
A46: MNN140 | B46: MIOLO RECICLADO | C46: 7-14-21 | D46: 140 | E46: 3356.52
A47: MS 130 | B47: MIOLO SIZE | D47: 130 | E47: 3356.52
A48: MT 100 | C48: 7-14-21 | D48: 100 | E48: =E56 -> 4640.28
A49: MT080 | C49: 7-14-21 | D49: 80 | E49: =E48 -> 4640.28
A50: MT110 | C50: 7-14-21 | D50: 110 | E50: =E49 -> 4640.28
A51: MT120 | C51: 7-14-21 | D51: 120 | E51: =E50 -> 4640.28
A52: MT140 | C52: 7-14-21 | D52: 140 | E52: =E51 -> 4640.28
A53: MT160 | D53: 160 | E53: =E52 -> 4640.28
A54: MT185 | C54: 7-14-21 | D54: 185 | E54: =E53 -> 4640.28
A55: MTP120 | C55: 7-14-21 | D55: 140 | E55: =E54 -> 4640.28
A56: TL125 | B56: Testliner de 125g | C56: 7-14-21 | D56: 125 | E56: 4640.28
A57: TL180 | B57: TESTLINER180 | D57: 180 | E57: =E56 -> 4640.28
A58: TTL120 | B58: TEST LINER - JBS | C58: 20-40-60 | D58: 120 | E58: =E57 -> 4640.28

Sheet Fevereiro-2023
A1: Papel | B1: Descrição | C1: Grupo | D1: Gramatura (g/m²) | E1: Custo ($/t)|Valor REAL
A2: 0 | B2: OUTROS | C2: 20-40-60 | D2: 1 | E2: 1
A3: BRN 056 | B3: BRANCO 56G/M² | C3: 7-14-21 | D3: 50 | E3: 6694.71
A4: BRN075 | B4: BRANCO 70g | D4: 75 | E4: =E3 -> 6694.71
A5: BRN075 | B5: BRANCO 75g | D5: 75 | E5: =E3 -> 6694.71
A6: BRN100 | C6: 7-14-21 | D6: 100 | E6: 0
A7: BRN110 | B7: Branco 110 | C7: 7-14-21 | D7: 110 | E7: 0
A8: BRN120 | B8: BRANCO WTL | C8: 7-14-21 | D8: 120 | E8: 7568
A9: BRN130 | B9: BRANCO WTL | C9: 7-14-21 | D9: 120 | E9: 5902.73
A10: BRN140 | B10: BRANCO WTL | C10: 7-14-21 | D10: 140 | E10: 5394
A11: BRN150 | B11: BRANCO WTL | C11: 7-14-21 | D11: 150 | E11: 5394
A12: BRN175 | B12: BRANCO WTL KLABIN | C12: 7-14-21 | D12: 175 | E12: =6.296*1000 -> 6296 | G12: Variação de - 0,87%
A13: BRN180 | B13: BRANCO | C13: 7-14-21 | D13: 175 | E13: 6644.74
A14: BRN63 | B14: BRANCO | C14: 7-14-21 | D14: 50 | E14: 7154
A15: BRN90 | B15: BRANCO 90G/M² | C15: 20-40-60 | D15: 90 | E15: 5984 | G15: Variação de - 15,97%
A16: CNP190 | B16: COUTING NEOPACK | C16: 20-40-60 | D16: 190 | E16: 7856.01
A17: KKN 150 | B17: KRAFT 150g | D17: 150 | E17: 5289.26 | G17: Variação de - 1,79%
A18: KKN 375 | B18: PAPEL KRAFT 375G | C18: 7-14-21 | D18: 375 | E18: 5708
A19: KKN080 | B19: KRAFT P/ ACOPLAGEM | C19: 7-14-21 | D19: 80 | E19: 7089
A20: KKN90 | B20: KRAFT | C20: 7-14-21 | D20: 100 | E20: 5289.26
A21: KKN100 | B21: KRAFT | C21: 7-14-21 | D21: 100 | E21: 5289.26
A22: KKN110 | B22: KRAFT | C22: 7-14-21 | D22: 115 | E22: 4896
A23: KKN125 | B23: KRAFT | C23: 7-14-21 | D23: 125 | E23: 5210
A24: KKN130 | B24: KRAFT | C24: 7-14-21 | D24: 125 | E24: 5289.26
A25: KKN140 | B25: KRAFT | C25: 7-14-21 | D25: 140 | E25: 5289.26
A26: KKN155 | B26: KRAFT 155 | D26: 155 | E26: 5289.26
A27: KKN160 | B27: KRAFT NORMAL 160g | C27: 7-14-21 | D27: 170 | E27: 5289.26
A28: KKN170 | B28: KRAFT NORMAL 170G | C28: 7-14-21 | D28: 180 | E28: 5289.26
A29: KKN175 | B29: KRAFT | C29: 7-14-21 | D29: 185 | E29: 5244
A30: KKN185 | B30: KRAFT | C30: 7-14-21 | D30: 185 | E30: 5244
A31: KKN190 | B31: KRAFT | C31: 7-14-21 | D31: 200 | E31: 5289.26
A32: KKN200 | B32: KRAFT | C32: 7-14-21 | D32: 200 | E32: 5289.26
A33: KKN240 | B33: KRAFT | C33: 7-14-21 | D33: 240 | E33: 5289.26
A34: KKN280 | B34: KRAFT 280 | C34: 7-14-21 | D34: 280 | E34: 7370
A35: KKP110 | B35: KRAFT 110g PLASTIFICADO (15g) | C35: 7-14-21 | D35: 130 | E35: =E36 -> 9170
A36: KKP125 | B36: KKN125(125g) + Plastif(15g) | C36: 7-14-21 | D36: 145 | E36: 9170
A37: MEN 190 | B37: MIOLO ESPECIAL 190 | C37: 7-14-21 | D37: 190 | E37: 3283 | G37: Variação de 0,58%
A38: MEN 350 | B38: MIOLO 350 GRAMAS ESPECIAL | C38: 7-14-21 | D38: 350 | E38: 3356.52
A39: MEN150 | B39: MIOLO RECICLADO | C39: 7-14-21 | D39: 150 | E39: 3382
A40: MEN165 | B40: MIOLO RECICLADO | C40: 7-14-21 | D40: 165 | E40: 3356.52
A41: MK 110 | D41: 110 | E41: =E56 -> 4640.28
A42: MNN100 | B42: MIOLO RECICLADO | C42: 7-14-21 | D42: 100 | E42: 3356.52
A43: MNN110 | B43: MIOLO RECICLADO | C43: 7-14-21 | D43: 110 | E43: 3253
A44: MNN120 | B44: MIOLO RECICLADO | C44: 7-14-21 | D44: 125 | E44: 3356.52
A45: MNN130 | B45: MIOLO RECICLADO | C45: 7-14-21 | D45: 135 | E45: 3356.52
A46: MNN140 | B46: MIOLO RECICLADO | C46: 7-14-21 | D46: 140 | E46: 3356.52
A47: MS 130 | B47: MIOLO SIZE | D47: 130 | E47: 3356.52
A48: MT 100 | C48: 7-14-21 | D48: 100 | E48: =E56 -> 4640.28
A49: MT080 | C49: 7-14-21 | D49: 80 | E49: =E48 -> 4640.28
A50: MT110 | C50: 7-14-21 | D50: 110 | E50: =E49 -> 4640.28
A51: MT120 | C51: 7-14-21 | D51: 120 | E51: =E50 -> 4640.28
A52: MT140 | C52: 7-14-21 | D52: 140 | E52: =E51 -> 4640.28
A53: MT160 | D53: 160 | E53: =E52 -> 4640.28
A54: MT185 | C54: 7-14-21 | D54: 185 | E54: =E53 -> 4640.28
A55: MTP120 | C55: 7-14-21 | D55: 140 | E55: =E54 -> 4640.28
A56: TL125 | B56: Testliner de 125g | C56: 7-14-21 | D56: 125 | E56: 4640.28
A57: TL180 | B57: TESTLINER180 | D57: 180 | E57: =E56 -> 4640.28
A58: TTL120 | B58: TEST LINER - JBS | C58: 20-40-60 | D58: 120 | E58: =E57 -> 4640.28

Sheet Março-2023
A1: Papel | B1: Descrição | C1: Grupo | D1: Gramatura (g/m²) | E1: Custo ($/t)|Valor REAL
A2: 0 | B2: OUTROS | C2: 20-40-60 | D2: 1 | E2: 1
A3: BRN 056 | B3: BRANCO 56G/M² | C3: 7-14-21 | D3: 50 | E3: 6694.71
A4: BRN075 | B4: BRANCO 70g | D4: 75 | E4: =E3 -> 6694.71
A5: BRN075 | B5: BRANCO 75g | D5: 75 | E5: =E3 -> 6694.71
A6: BRN100 | C6: 7-14-21 | D6: 100 | E6: 0
A7: BRN110 | B7: Branco 110 | C7: 7-14-21 | D7: 110 | E7: 0
A8: BRN120 | B8: BRANCO WTL | C8: 7-14-21 | D8: 120 | E8: 5943
A9: BRN130 | B9: BRANCO WTL | C9: 7-14-21 | D9: 120 | E9: 5902.73
A10: BRN140 | B10: BRANCO WTL | C10: 7-14-21 | D10: 140 | E10: 5394
A11: BRN150 | B11: BRANCO WTL | C11: 7-14-21 | D11: 150 | E11: 5440
A12: BRN175 | B12: BRANCO WTL KLABIN | C12: 7-14-21 | D12: 175 | E12: =6.296*1000 -> 6296 | G12: Variação de - 0,87%
A13: BRN180 | B13: BRANCO | C13: 7-14-21 | D13: 175 | E13: 6644.74
A14: BRN63 | B14: BRANCO | C14: 7-14-21 | D14: 50 | E14: 7154
A15: BRN90 | B15: BRANCO 90G/M² | C15: 20-40-60 | D15: 90 | E15: 5843 | G15: Variação de - 15,97%
A16: CNP190 | B16: COUTING NEOPACK | C16: 20-40-60 | D16: 190 | E16: 7856.01
A17: KKN 150 | B17: KRAFT 150g | D17: 150 | E17: 5289.26 | G17: Variação de - 1,79%
A18: KKN 375 | B18: PAPEL KRAFT 375G | C18: 7-14-21 | D18: 375 | E18: 5708
A19: KKN080 | B19: KRAFT P/ ACOPLAGEM | C19: 7-14-21 | D19: 80 | E19: 7089
A20: KKN90 | B20: KRAFT | C20: 7-14-21 | D20: 100 | E20: 5289.26
A21: KKN100 | B21: KRAFT | C21: 7-14-21 | D21: 100 | E21: 5289.26
A22: KKN110 | B22: KRAFT | C22: 7-14-21 | D22: 115 | E22: 4896
A23: KKN125 | B23: KRAFT | C23: 7-14-21 | D23: 125 | E23: 5108
A24: KKN130 | B24: KRAFT | C24: 7-14-21 | D24: 125 | E24: 5108
A25: KKN140 | B25: KRAFT | C25: 7-14-21 | D25: 140 | E25: 5289.26
A26: KKN155 | B26: KRAFT 155 | D26: 155 | E26: 5289.26
A27: KKN160 | B27: KRAFT NORMAL 160g | C27: 7-14-21 | D27: 170 | E27: 5289.26
A28: KKN170 | B28: KRAFT NORMAL 170G | C28: 7-14-21 | D28: 180 | E28: 5289.26
A29: KKN175 | B29: KRAFT | C29: 7-14-21 | D29: 185 | E29: 5109
A30: KKN185 | B30: KRAFT | C30: 7-14-21 | D30: 185 | E30: 5109
A31: KKN190 | B31: KRAFT | C31: 7-14-21 | D31: 200 | E31: 5289.26
A32: KKN200 | B32: KRAFT | C32: 7-14-21 | D32: 200 | E32: 5289.26
A33: KKN240 | B33: KRAFT | C33: 7-14-21 | D33: 240 | E33: 5026
A34: KKN280 | B34: KRAFT 280 | C34: 7-14-21 | D34: 280 | E34: 7370
A35: KKP110 | B35: KRAFT 110g PLASTIFICADO (15g) | C35: 7-14-21 | D35: 130 | E35: =E36 -> 9170
A36: KKP125 | B36: KKN125(125g) + Plastif(15g) | C36: 7-14-21 | D36: 145 | E36: 9170
A37: MEN 190 | B37: MIOLO ESPECIAL 190 | C37: 7-14-21 | D37: 190 | E37: 3353 | G37: Variação de 0,58%
A38: MEN 350 | B38: MIOLO 350 GRAMAS ESPECIAL | C38: 7-14-21 | D38: 350 | E38: 3356.52
A39: MEN150 | B39: MIOLO RECICLADO | C39: 7-14-21 | D39: 150 | E39: 3317
A40: MEN165 | B40: MIOLO RECICLADO | C40: 7-14-21 | D40: 165 | E40: 3356.52
A41: MK 110 | D41: 110 | E41: =E56 -> 4640.28
A42: MNN100 | B42: MIOLO RECICLADO | C42: 7-14-21 | D42: 100 | E42: 3356.52
A43: MNN110 | B43: MIOLO RECICLADO | C43: 7-14-21 | D43: 110 | E43: 3109
A44: MNN120 | B44: MIOLO RECICLADO | C44: 7-14-21 | D44: 125 | E44: 3356.52
A45: MNN130 | B45: MIOLO RECICLADO | C45: 7-14-21 | D45: 135 | E45: 3356.52
A46: MNN140 | B46: MIOLO RECICLADO | C46: 7-14-21 | D46: 140 | E46: 3356.52
A47: MS 130 | B47: MIOLO SIZE | D47: 130 | E47: 3356.52
A48: MT 100 | C48: 7-14-21 | D48: 100 | E48: =E56 -> 4640.28
A49: MT080 | C49: 7-14-21 | D49: 80 | E49: =E48 -> 4640.28
A50: MT110 | C50: 7-14-21 | D50: 110 | E50: =E49 -> 4640.28
A51: MT120 | C51: 7-14-21 | D51: 120 | E51: =E50 -> 4640.28
A52: MT140 | C52: 7-14-21 | D52: 140 | E52: =E51 -> 4640.28
A53: MT160 | D53: 160 | E53: =E52 -> 4640.28
A54: MT185 | C54: 7-14-21 | D54: 185 | E54: =E53 -> 4640.28
A55: MTP120 | C55: 7-14-21 | D55: 140 | E55: =E54 -> 4640.28
A56: TL125 | B56: Testliner de 125g | C56: 7-14-21 | D56: 125 | E56: 4640.28
A57: TL180 | B57: TESTLINER180 | D57: 180 | E57: =E56 -> 4640.28
A58: TTL120 | B58: TEST LINER - JBS | C58: 20-40-60 | D58: 120 | E58: =E57 -> 4640.28

Sheet Abril-2023
A1: Papel | B1: Descrição | C1: Grupo | D1: Gramatura (g/m²) | E1: Custo ($/t)|Valor REAL
A2: 0 | B2: OUTROS | C2: 20-40-60 | D2: 1 | E2: 1
A3: BRN 056 | B3: BRANCO 56G/M² | C3: 7-14-21 | D3: 50 | E3: 6694.71
A4: BRN075 | B4: BRANCO 70g | D4: 75 | E4: =E3 -> 6694.71
A5: BRN075 | B5: BRANCO 75g | D5: 75 | E5: =E3 -> 6694.71
A6: BRN100 | C6: 7-14-21 | D6: 100 | E6: 0
A7: BRN110 | B7: Branco 110 | C7: 7-14-21 | D7: 110 | E7: 2960
A8: BRN120 | B8: BRANCO WTL | C8: 7-14-21 | D8: 120 | E8: 5943
A9: BRN130 | B9: BRANCO WTL | C9: 7-14-21 | D9: 120 | E9: 5902.73
A10: BRN140 | B10: BRANCO WTL | C10: 7-14-21 | D10: 140 | E10: 5394
A11: BRN150 | B11: BRANCO WTL | C11: 7-14-21 | D11: 150 | E11: 3070
A12: BRN175 | B12: BRANCO WTL KLABIN | C12: 7-14-21 | D12: 175 | E12: =6.296*1000 -> 6296 | G12: Variação de - 0,87%
A13: BRN180 | B13: BRANCO | C13: 7-14-21 | D13: 175 | E13: 6644.74
A14: BRN63 | B14: BRANCO | C14: 7-14-21 | D14: 50 | E14: 7154
A15: BRN90 | B15: BRANCO 90G/M² | C15: 20-40-60 | D15: 90 | E15: 5843 | G15: Variação de - 15,97%
A16: CNP190 | B16: COUTING NEOPACK | C16: 20-40-60 | D16: 190 | E16: 7856.01
A17: KKN 150 | B17: KRAFT 150g | D17: 150 | E17: 5289.26 | G17: Variação de - 1,79%
A18: KKN 375 | B18: PAPEL KRAFT 375G | C18: 7-14-21 | D18: 375 | E18: 5703
A19: KKN080 | B19: KRAFT P/ ACOPLAGEM | C19: 7-14-21 | D19: 80 | E19: 6280
A20: KKN90 | B20: KRAFT | C20: 7-14-21 | D20: 100 | E20: 5289.26
A21: KKN100 | B21: KRAFT | C21: 7-14-21 | D21: 100 | E21: 5289.26
A22: KKN110 | B22: KRAFT | C22: 7-14-21 | D22: 115 | E22: 4896
A23: KKN125 | B23: KRAFT | C23: 7-14-21 | D23: 125 | E23: 5190
A24: KKN130 | B24: KRAFT | C24: 7-14-21 | D24: 125 | E24: 5190
A25: KKN140 | B25: KRAFT | C25: 7-14-21 | D25: 140 | E25: 5289.26
A26: KKN155 | B26: KRAFT 155 | D26: 155 | E26: 5289.26
A27: KKN160 | B27: KRAFT NORMAL 160g | C27: 7-14-21 | D27: 170 | E27: 5289.26
A28: KKN170 | B28: KRAFT NORMAL 170G | C28: 7-14-21 | D28: 180 | E28: 5289.26
A29: KKN175 | B29: KRAFT | C29: 7-14-21 | D29: 185 | E29: 5230
A30: KKN185 | B30: KRAFT | C30: 7-14-21 | D30: 185 | E30: 5230
A31: KKN190 | B31: KRAFT | C31: 7-14-21 | D31: 200 | E31: 5289.26
A32: KKN200 | B32: KRAFT | C32: 7-14-21 | D32: 200 | E32: 5289.26
A33: KKN240 | B33: KRAFT | C33: 7-14-21 | D33: 240 | E33: 5026
A34: KKN280 | B34: KRAFT 280 | C34: 7-14-21 | D34: 280 | E34: 7370
A35: KKP110 | B35: KRAFT 110g PLASTIFICADO (15g) | C35: 7-14-21 | D35: 130 | E35: =E36 -> 9170
A36: KKP125 | B36: KKN125(125g) + Plastif(15g) | C36: 7-14-21 | D36: 145 | E36: 9170
A37: MEN 190 | B37: MIOLO ESPECIAL 190 | C37: 7-14-21 | D37: 190 | E37: 3270 | G37: Variação de 0,58%
A38: MEN 350 | B38: MIOLO 350 GRAMAS ESPECIAL | C38: 7-14-21 | D38: 350 | E38: 3356.52
A39: MEN150 | B39: MIOLO RECICLADO | C39: 7-14-21 | D39: 150 | E39: 3317
A40: MEN165 | B40: MIOLO RECICLADO | C40: 7-14-21 | D40: 165 | E40: 3356.52
A41: MK 110 | D41: 110 | E41: =E56 -> 4640.28
A42: MNN100 | B42: MIOLO RECICLADO | C42: 7-14-21 | D42: 100 | E42: 3356.52
A43: MNN110 | B43: MIOLO RECICLADO | C43: 7-14-21 | D43: 110 | E43: 2960
A44: MNN120 | B44: MIOLO RECICLADO | C44: 7-14-21 | D44: 125 | E44: 3356.52
A45: MNN130 | B45: MIOLO RECICLADO | C45: 7-14-21 | D45: 135 | E45: 3356.52
A46: MNN140 | B46: MIOLO RECICLADO | C46: 7-14-21 | D46: 140 | E46: 3356.52
A47: MS 130 | B47: MIOLO SIZE | D47: 130 | E47: 3356.52
A48: MT 100 | C48: 7-14-21 | D48: 100 | E48: =E56 -> 4640.28
A49: MT080 | C49: 7-14-21 | D49: 80 | E49: =E48 -> 4640.28
A50: MT110 | C50: 7-14-21 | D50: 110 | E50: =E49 -> 4640.28
A51: MT120 | C51: 7-14-21 | D51: 120 | E51: =E50 -> 4640.28
A52: MT140 | C52: 7-14-21 | D52: 140 | E52: =E51 -> 4640.28
A53: MT160 | D53: 160 | E53: =E52 -> 4640.28
A54: MT185 | C54: 7-14-21 | D54: 185 | E54: =E53 -> 4640.28
A55: MTP120 | C55: 7-14-21 | D55: 140 | E55: =E54 -> 4640.28
A56: TL125 | B56: Testliner de 125g | C56: 7-14-21 | D56: 125 | E56: 4640.28
A57: TL180 | B57: TESTLINER180 | D57: 180 | E57: =E56 -> 4640.28
A58: TTL120 | B58: TEST LINER - JBS | C58: 20-40-60 | D58: 120 | E58: =E57 -> 4640.28

Sheet Maio-2023
A1: Papel | B1: Descrição | C1: Grupo | D1: Gramatura (g/m²) | E1: Custo ($/t)|Valor REAL
A2: 0 | B2: OUTROS | C2: 20-40-60 | D2: 1 | E2: 1
A3: BRN 056 | B3: BRANCO 56G/M² | C3: 7-14-21 | D3: 50 | E3: 6694.71
A4: BRN075 | B4: BRANCO 70g | D4: 75 | E4: =E3 -> 6694.71
A5: BRN075 | B5: BRANCO 75g | D5: 75 | E5: =E3 -> 6694.71
A6: BRN100 | C6: 7-14-21 | D6: 100 | E6: 0
A7: BRN110 | B7: Branco 110 | C7: 7-14-21 | D7: 110 | E7: 2960
A8: BRN120 | B8: BRANCO WTL | C8: 7-14-21 | D8: 120 | E8: 5897 | G8: 5.897 | H8: =G8*1000 -> 5897
A9: BRN130 | B9: BRANCO WTL | C9: 7-14-21 | D9: 120 | E9: 5902.73
A10: BRN140 | B10: BRANCO WTL | C10: 7-14-21 | D10: 140 | E10: 5394
A11: BRN150 | B11: BRANCO WTL | C11: 7-14-21 | D11: 150 | E11: 5440
A12: BRN175 | B12: BRANCO WTL KLABIN | C12: 7-14-21 | D12: 175 | E12: =6.296*1000 -> 6296 | G12: Variação de - 0,87%
A13: BRN180 | B13: BRANCO | C13: 7-14-21 | D13: 175 | E13: 7796
A14: BRN63 | B14: BRANCO | C14: 7-14-21 | D14: 50 | E14: 7154
A15: BRN90 | B15: BRANCO 90G/M² | C15: 20-40-60 | D15: 90 | E15: 5843 | G15: Variação de - 15,97%
A16: CNP190 | B16: COUTING NEOPACK | C16: 20-40-60 | D16: 190 | E16: 7856.01
A17: KKN 150 | B17: KRAFT 150g | D17: 150 | E17: 5289.26 | G17: Variação de - 1,79%
A18: KKN 375 | B18: PAPEL KRAFT 375G | C18: 7-14-21 | D18: 375 | E18: 5588
A19: KKN080 | B19: KRAFT P/ ACOPLAGEM | C19: 7-14-21 | D19: 80 | E19: 6284
A20: KKN90 | B20: KRAFT | C20: 7-14-21 | D20: 100 | E20: 5289.26
A21: KKN100 | B21: KRAFT | C21: 7-14-21 | D21: 100 | E21: 5289.26
A22: KKN110 | B22: KRAFT | C22: 7-14-21 | D22: 115 | E22: 4896
A23: KKN125 | B23: KRAFT | C23: 7-14-21 | D23: 125 | E23: 5069
A24: KKN130 | B24: KRAFT | C24: 7-14-21 | D24: 125 | E24: 5190
A25: KKN140 | B25: KRAFT | C25: 7-14-21 | D25: 140 | E25: 5289.26
A26: KKN155 | B26: KRAFT 155 | D26: 155 | E26: 5289.26
A27: KKN160 | B27: KRAFT NORMAL 160g | C27: 7-14-21 | D27: 170 | E27: 5289.26
A28: KKN170 | B28: KRAFT NORMAL 170G | C28: 7-14-21 | D28: 180 | E28: 5289.26
A29: KKN175 | B29: KRAFT | C29: 7-14-21 | D29: 185 | E29: 5230
A30: KKN185 | B30: KRAFT | C30: 7-14-21 | D30: 185 | E30: 5174
A31: KKN190 | B31: KRAFT | C31: 7-14-21 | D31: 200 | E31: 5289.26
A32: KKN200 | B32: KRAFT | C32: 7-14-21 | D32: 200 | E32: 5289.26
A33: KKN240 | B33: KRAFT | C33: 7-14-21 | D33: 240 | E33: 5026
A34: KKN280 | B34: KRAFT 280 | C34: 7-14-21 | D34: 280 | E34: =7.004*1000 -> 7004
A35: KKP110 | B35: KRAFT 110g PLASTIFICADO (15g) | C35: 7-14-21 | D35: 130 | E35: =E36 -> 9170
A36: KKP125 | B36: KKN125(125g) + Plastif(15g) | C36: 7-14-21 | D36: 145 | E36: 9170
A37: MEN 190 | B37: MIOLO ESPECIAL 190 | C37: 7-14-21 | D37: 190 | E37: 3226 | G37: Variação de 0,58%
A38: MEN 350 | B38: MIOLO 350 GRAMAS ESPECIAL | C38: 7-14-21 | D38: 350 | E38: 3356.52
A39: MEN150 | B39: MIOLO RECICLADO | C39: 7-14-21 | D39: 150 | E39: 3127
A40: MEN165 | B40: MIOLO RECICLADO | C40: 7-14-21 | D40: 165 | E40: 3356.52
A41: MK 110 | D41: 110 | E41: =E56 -> 4640.28
A42: MNN100 | B42: MIOLO RECICLADO | C42: 7-14-21 | D42: 100 | E42: 3356.52
A43: MNN110 | B43: MIOLO RECICLADO | C43: 7-14-21 | D43: 110 | E43: 2920
A44: MNN120 | B44: MIOLO RECICLADO | C44: 7-14-21 | D44: 125 | E44: 3356.52
A45: MNN130 | B45: MIOLO RECICLADO | C45: 7-14-21 | D45: 135 | E45: 3356.52
A46: MNN140 | B46: MIOLO RECICLADO | C46: 7-14-21 | D46: 140 | E46: 3356.52
A47: MS 130 | B47: MIOLO SIZE | D47: 130 | E47: 3356.52
A48: MT 100 | C48: 7-14-21 | D48: 100 | E48: =E56 -> 4640.28
A49: MT080 | C49: 7-14-21 | D49: 80 | E49: =E48 -> 4640.28
A50: MT110 | C50: 7-14-21 | D50: 110 | E50: =E49 -> 4640.28
A51: MT120 | C51: 7-14-21 | D51: 120 | E51: =E50 -> 4640.28
A52: MT140 | C52: 7-14-21 | D52: 140 | E52: =E51 -> 4640.28
A53: MT160 | D53: 160 | E53: =E52 -> 4640.28
A54: MT185 | C54: 7-14-21 | D54: 185 | E54: =E53 -> 4640.28
A55: MTP120 | C55: 7-14-21 | D55: 140 | E55: =E54 -> 4640.28
A56: TL125 | B56: Testliner de 125g | C56: 7-14-21 | D56: 125 | E56: 4640.28
A57: TL180 | B57: TESTLINER180 | D57: 180 | E57: =E56 -> 4640.28
A58: TTL120 | B58: TEST LINER - JBS | C58: 20-40-60 | D58: 120 | E58: =E57 -> 4640.28

Sheet Junho-2023
A1: Papel | B1: Descrição | C1: Grupo | D1: Gramatura (g/m²) | E1: Custo ($/t)|Valor REAL
A2: 0 | B2: OUTROS | C2: 20-40-60 | D2: 1 | E2: 1
A3: BRN 056 | B3: BRANCO 56G/M² | C3: 7-14-21 | D3: 50 | E3: 6694.71 | G3: 6.69471 | H3: =G3*1000 -> 6694.71
A4: BRN075 | B4: BRANCO 70g | D4: 75 | E4: =E3 -> 6694.71
A5: BRN075 | B5: BRANCO 75g | D5: 75 | E5: =E3 -> 6694.71
A6: BRN100 | C6: 7-14-21 | D6: 100 | E6: 0
A7: BRN110 | B7: Branco 110 | C7: 7-14-21 | D7: 110 | E7: 2870
A8: BRN120 | B8: BRANCO WTL | C8: 7-14-21 | D8: 120 | E8: 5996 | G8: 5.897 | H8: =G8*1000 -> 5897
A9: BRN130 | B9: BRANCO WTL | C9: 7-14-21 | D9: 120 | E9: 5996
A10: BRN140 | B10: BRANCO WTL | C10: 7-14-21 | D10: 140 | E10: 5394
A11: BRN150 | B11: BRANCO WTL | C11: 7-14-21 | D11: 150 | E11: 5331
A12: BRN175 | B12: BRANCO WTL KLABIN | C12: 7-14-21 | D12: 175 | E12: =6.296*1000 -> 6296 | G12: Variação de - 0,87%
A13: BRN180 | B13: BRANCO | C13: 7-14-21 | D13: 175 | E13: 7796
A14: BRN63 | B14: BRANCO | C14: 7-14-21 | D14: 50 | E14: 7154
A15: BRN90 | B15: BRANCO 90G/M² | C15: 20-40-60 | D15: 90 | E15: 5843 | G15: Variação de - 15,97%
A16: CNP190 | B16: COUTING NEOPACK | C16: 20-40-60 | D16: 190 | E16: 7856.01
A17: KKN 150 | B17: KRAFT 150g | D17: 150 | E17: 5289.26 | G17: Variação de - 1,79%
A18: KKN 375 | B18: PAPEL KRAFT 375G | C18: 7-14-21 | D18: 375 | E18: 5853
A19: KKN080 | B19: KRAFT P/ ACOPLAGEM | C19: 7-14-21 | D19: 80 | E19: 6284
A20: KKN90 | B20: KRAFT | C20: 7-14-21 | D20: 100 | E20: 5289.26
A21: KKN100 | B21: KRAFT | C21: 7-14-21 | D21: 100 | E21: 5289.26
A22: KKN110 | B22: KRAFT | C22: 7-14-21 | D22: 115 | E22: 4896
A23: KKN125 | B23: KRAFT | C23: 7-14-21 | D23: 125 | E23: 5161
A24: KKN130 | B24: KRAFT | C24: 7-14-21 | D24: 125 | E24: 5190
A25: KKN140 | B25: KRAFT | C25: 7-14-21 | D25: 140 | E25: 5289.26
A26: KKN155 | B26: KRAFT 155 | D26: 155 | E26: 5289.26
A27: KKN160 | B27: KRAFT NORMAL 160g | C27: 7-14-21 | D27: 170 | E27: 5289.26
A28: KKN170 | B28: KRAFT NORMAL 170G | C28: 7-14-21 | D28: 180 | E28: 5289.26
A29: KKN175 | B29: KRAFT | C29: 7-14-21 | D29: 185 | E29: 5230
A30: KKN185 | B30: KRAFT | C30: 7-14-21 | D30: 185 | E30: 4958
A31: KKN190 | B31: KRAFT | C31: 7-14-21 | D31: 200 | E31: 5289.26
A32: KKN200 | B32: KRAFT | C32: 7-14-21 | D32: 200 | E32: 5289.26
A33: KKN240 | B33: KRAFT | C33: 7-14-21 | D33: 240 | E33: 5026
A34: KKN280 | B34: KRAFT 280 | C34: 7-14-21 | D34: 280 | E34: =7.004*1000 -> 7004
A35: KKP110 | B35: KRAFT 110g PLASTIFICADO (15g) | C35: 7-14-21 | D35: 130 | E35: =E36 -> 9170
A36: KKP125 | B36: KKN125(125g) + Plastif(15g) | C36: 7-14-21 | D36: 145 | E36: 9170
A37: MEN 190 | B37: MIOLO ESPECIAL 190 | C37: 7-14-21 | D37: 190 | E37: 3126 | G37: Variação de 0,58%
A38: MEN 350 | B38: MIOLO 350 GRAMAS ESPECIAL | C38: 7-14-21 | D38: 350 | E38: 3356.52
A39: MEN150 | B39: MIOLO RECICLADO | C39: 7-14-21 | D39: 150 | E39: 3058
A40: MEN165 | B40: MIOLO RECICLADO | C40: 7-14-21 | D40: 165 | E40: 3356.52
A41: MK 110 | D41: 110 | E41: =E56 -> 4640.28
A42: MNN100 | B42: MIOLO RECICLADO | C42: 7-14-21 | D42: 100 | E42: 3356.52
A43: MNN110 | B43: MIOLO RECICLADO | C43: 7-14-21 | D43: 110 | E43: 2870
A44: MNN120 | B44: MIOLO RECICLADO | C44: 7-14-21 | D44: 125 | E44: 3356.52
A45: MNN130 | B45: MIOLO RECICLADO | C45: 7-14-21 | D45: 135 | E45: 3356.52
A46: MNN140 | B46: MIOLO RECICLADO | C46: 7-14-21 | D46: 140 | E46: 3356.52
A47: MS 130 | B47: MIOLO SIZE | D47: 130 | E47: 3356.52
A48: MT 100 | C48: 7-14-21 | D48: 100 | E48: =E56 -> 4640.28
A49: MT080 | C49: 7-14-21 | D49: 80 | E49: =E48 -> 4640.28
A50: MT110 | C50: 7-14-21 | D50: 110 | E50: =E49 -> 4640.28
A51: MT120 | C51: 7-14-21 | D51: 120 | E51: =E50 -> 4640.28
A52: MT140 | C52: 7-14-21 | D52: 140 | E52: =E51 -> 4640.28
A53: MT160 | D53: 160 | E53: =E52 -> 4640.28
A54: MT185 | C54: 7-14-21 | D54: 185 | E54: =E53 -> 4640.28
A55: MTP120 | C55: 7-14-21 | D55: 140 | E55: =E54 -> 4640.28
A56: TL125 | B56: Testliner de 125g | C56: 7-14-21 | D56: 125 | E56: 4640.28
A57: TL180 | B57: TESTLINER180 | D57: 180 | E57: =E56 -> 4640.28
A58: TTL120 | B58: TEST LINER - JBS | C58: 20-40-60 | D58: 120 | E58: =E57 -> 4640.28

Sheet Julho-2023
A1: Papel | B1: Descrição | C1: Grupo | D1: Gramatura (g/m²) | E1: Custo ($/t)|Valor REAL
A2: 0 | B2: OUTROS | C2: 20-40-60 | D2: 1 | E2: 1
A3: BRN 056 | B3: BRANCO 56G/M² | C3: 7-14-21 | D3: 50 | E3: 6360 | G3: 6.36 | H3: =G3*1000 -> 6360
A4: BRN075 | B4: BRANCO 70g | D4: 75 | E4: =E3 -> 6360
A5: BRN075 | B5: BRANCO 75g | D5: 75 | E5: =E3 -> 6360
A6: BRN100 | C6: 7-14-21 | D6: 100 | E6: 0
A7: BRN110 | B7: Branco 110 | C7: 7-14-21 | D7: 110 | E7: 2640
A8: BRN120 | B8: BRANCO WTL | C8: 7-14-21 | D8: 120 | E8: 6000 | G8: 5.897 | H8: =G8*1000 -> 5897
A9: BRN130 | B9: BRANCO WTL | C9: 7-14-21 | D9: 120 | E9: 6000
A10: BRN140 | B10: BRANCO WTL | C10: 7-14-21 | D10: 140 | E10: 5394
A11: BRN150 | B11: BRANCO WTL | C11: 7-14-21 | D11: 150 | E11: 5330
A12: BRN175 | B12: BRANCO WTL KLABIN | C12: 7-14-21 | D12: 175 | E12: =6.296*1000 -> 6296 | G12: Variação de - 0,87%
A13: BRN180 | B13: BRANCO | C13: 7-14-21 | D13: 175 | E13: 7796
A14: BRN63 | B14: BRANCO | C14: 7-14-21 | D14: 50 | E14: 7154
A15: BRN90 | B15: BRANCO 90G/M² | C15: 20-40-60 | D15: 90 | E15: 5843 | G15: Variação de - 15,97%
A16: CNP190 | B16: COUTING NEOPACK | C16: 20-40-60 | D16: 190 | E16: 7856.01
A17: KKN 150 | B17: KRAFT 150g | D17: 150 | E17: 5289.26 | G17: Variação de - 1,79%
A18: KKN 375 | B18: PAPEL KRAFT 375G | C18: 7-14-21 | D18: 375 | E18: 3810
A19: KKN080 | B19: KRAFT P/ ACOPLAGEM | C19: 7-14-21 | D19: 80 | E19: 6120
A20: KKN90 | B20: KRAFT | C20: 7-14-21 | D20: 100 | E20: 5289.26
A21: KKN100 | B21: KRAFT | C21: 7-14-21 | D21: 100 | E21: 5289.26
A22: KKN110 | B22: KRAFT | C22: 7-14-21 | D22: 115 | E22: 4896
A23: KKN125 | B23: KRAFT | C23: 7-14-21 | D23: 125 | E23: 4630
A24: KKN130 | B24: KRAFT | C24: 7-14-21 | D24: 125 | E24: 5190
A25: KKN140 | B25: KRAFT | C25: 7-14-21 | D25: 140 | E25: 5289.26
A26: KKN155 | B26: KRAFT 155 | D26: 155 | E26: 5289.26
A27: KKN160 | B27: KRAFT NORMAL 160g | C27: 7-14-21 | D27: 170 | E27: 5289.26
A28: KKN170 | B28: KRAFT NORMAL 170G | C28: 7-14-21 | D28: 180 | E28: 5289.26
A29: KKN175 | B29: KRAFT | C29: 7-14-21 | D29: 185 | E29: 5230
A30: KKN185 | B30: KRAFT | C30: 7-14-21 | D30: 185 | E30: 4180
A31: KKN190 | B31: KRAFT | C31: 7-14-21 | D31: 200 | E31: 5289.26
A32: KKN200 | B32: KRAFT | C32: 7-14-21 | D32: 200 | E32: 5289.26
A33: KKN240 | B33: KRAFT | C33: 7-14-21 | D33: 240 | E33: 5026
A34: KKN280 | B34: KRAFT 280 | C34: 7-14-21 | D34: 280 | E34: =7000 -> 7000
A35: KKP110 | B35: KRAFT 110g PLASTIFICADO (15g) | C35: 7-14-21 | D35: 130 | E35: =E36 -> 9170
A36: KKP125 | B36: KKN125(125g) + Plastif(15g) | C36: 7-14-21 | D36: 145 | E36: 9170
A37: MEN 190 | B37: MIOLO ESPECIAL 190 | C37: 7-14-21 | D37: 190 | E37: 3070 | G37: Variação de 0,58%
A38: MEN 350 | B38: MIOLO 350 GRAMAS ESPECIAL | C38: 7-14-21 | D38: 350 | E38: 3356.52
A39: MEN150 | B39: MIOLO RECICLADO | C39: 7-14-21 | D39: 150 | E39: 2990
A40: MEN165 | B40: MIOLO RECICLADO | C40: 7-14-21 | D40: 165 | E40: 3356.52
A41: MK 110 | D41: 110 | E41: =E56 -> 4640.28
A42: MNN100 | B42: MIOLO RECICLADO | C42: 7-14-21 | D42: 100 | E42: 3356.52
A43: MNN110 | B43: MIOLO RECICLADO | C43: 7-14-21 | D43: 110 | E43: 2640
A44: MNN120 | B44: MIOLO RECICLADO | C44: 7-14-21 | D44: 125 | E44: 3356.52
A45: MNN130 | B45: MIOLO RECICLADO | C45: 7-14-21 | D45: 135 | E45: 3356.52
A46: MNN140 | B46: MIOLO RECICLADO | C46: 7-14-21 | D46: 140 | E46: 3356.52
A47: MS 130 | B47: MIOLO SIZE | D47: 130 | E47: 3356.52
A48: MT 100 | C48: 7-14-21 | D48: 100 | E48: =E56 -> 4640.28
A49: MT080 | C49: 7-14-21 | D49: 80 | E49: =E48 -> 4640.28
A50: MT110 | C50: 7-14-21 | D50: 110 | E50: =E49 -> 4640.28
A51: MT120 | C51: 7-14-21 | D51: 120 | E51: =E50 -> 4640.28
A52: MT140 | C52: 7-14-21 | D52: 140 | E52: =E51 -> 4640.28
A53: MT160 | D53: 160 | E53: =E52 -> 4640.28
A54: MT185 | C54: 7-14-21 | D54: 185 | E54: =E53 -> 4640.28
A55: MTP120 | C55: 7-14-21 | D55: 140 | E55: =E54 -> 4640.28
A56: TL125 | B56: Testliner de 125g | C56: 7-14-21 | D56: 125 | E56: 4640.28
A57: TL180 | B57: TESTLINER180 | D57: 180 | E57: =E56 -> 4640.28
A58: TTL120 | B58: TEST LINER - JBS | C58: 20-40-60 | D58: 120 | E58: =E57 -> 4640.28

Sheet Agosto-2023
A1: Papel | B1: Descrição | C1: Grupo | D1: Gramatura (g/m²) | E1: Custo ($/t)|Valor REAL
A2: 0 | B2: OUTROS | C2: 20-40-60 | D2: 1 | E2: 1
A3: BRN 056 | B3: BRANCO 56G/M² | C3: 7-14-21 | D3: 50 | E3: 6360 | G3: 6.36 | H3: =G3*1000 -> 6360
A4: BRN075 | B4: BRANCO 70g | D4: 75 | E4: =E3 -> 6360
A5: BRN075 | B5: BRANCO 75g | D5: 75 | E5: =E3 -> 6360
A6: BRN100 | C6: 7-14-21 | D6: 100 | E6: 0
A7: BRN110 | B7: Branco 110 | C7: 7-14-21 | D7: 110 | E7: 2660
A8: BRN120 | B8: BRANCO WTL | C8: 7-14-21 | D8: 120 | E8: 6000 | G8: 5.897 | H8: =G8*1000 -> 5897
A9: BRN130 | B9: BRANCO WTL | C9: 7-14-21 | D9: 120 | E9: 6000
A10: BRN140 | B10: BRANCO WTL | C10: 7-14-21 | D10: 140 | E10: 5394
A11: BRN150 | B11: BRANCO WTL | C11: 7-14-21 | D11: 150 | E11: 4472
A12: BRN175 | B12: BRANCO WTL KLABIN | C12: 7-14-21 | D12: 175 | E12: =6.296*1000 -> 6296 | G12: Variação de - 0,87%
A13: BRN180 | B13: BRANCO | C13: 7-14-21 | D13: 175 | E13: 7796
A14: BRN63 | B14: BRANCO | C14: 7-14-21 | D14: 50 | E14: 7154
A15: BRN90 | B15: BRANCO 90G/M² | C15: 20-40-60 | D15: 90 | E15: 5955 | G15: Variação de - 15,97%
A16: CNP190 | B16: COUTING NEOPACK | C16: 20-40-60 | D16: 190 | E16: 7856.01
A17: KKN 150 | B17: KRAFT 150g | D17: 150 | E17: 5289.26 | G17: Variação de - 1,79%
A18: KKN 375 | B18: PAPEL KRAFT 375G | C18: 7-14-21 | D18: 375 | E18: 3810
A19: KKN080 | B19: KRAFT P/ ACOPLAGEM | C19: 7-14-21 | D19: 80 | E19: 6284
A20: KKN90 | B20: KRAFT | C20: 7-14-21 | D20: 100 | E20: 5289.26
A21: KKN100 | B21: KRAFT | C21: 7-14-21 | D21: 100 | E21: 5289.26
A22: KKN110 | B22: KRAFT | C22: 7-14-21 | D22: 115 | E22: 4896
A23: KKN125 | B23: KRAFT | C23: 7-14-21 | D23: 125 | E23: 4656
A24: KKN130 | B24: KRAFT | C24: 7-14-21 | D24: 125 | E24: 5190
A25: KKN140 | B25: KRAFT | C25: 7-14-21 | D25: 140 | E25: 5289.26
A26: KKN155 | B26: KRAFT 155 | D26: 155 | E26: 5289.26
A27: KKN160 | B27: KRAFT NORMAL 160g | C27: 7-14-21 | D27: 170 | E27: 5289.26
A28: KKN170 | B28: KRAFT NORMAL 170G | C28: 7-14-21 | D28: 180 | E28: 5289.26
A29: KKN175 | B29: KRAFT | C29: 7-14-21 | D29: 185 | E29: 5230
A30: KKN185 | B30: KRAFT | C30: 7-14-21 | D30: 185 | E30: 4713
A31: KKN190 | B31: KRAFT | C31: 7-14-21 | D31: 200 | E31: 5289.26
A32: KKN200 | B32: KRAFT | C32: 7-14-21 | D32: 200 | E32: 5289.26
A33: KKN240 | B33: KRAFT | C33: 7-14-21 | D33: 240 | E33: 5026
A34: KKN280 | B34: KRAFT 280 | C34: 7-14-21 | D34: 280 | E34: =7000 -> 7000
A35: KKP110 | B35: KRAFT 110g PLASTIFICADO (15g) | C35: 7-14-21 | D35: 130 | E35: =E36 -> 9170
A36: KKP125 | B36: KKN125(125g) + Plastif(15g) | C36: 7-14-21 | D36: 145 | E36: 9170
A37: MEN 190 | B37: MIOLO ESPECIAL 190 | C37: 7-14-21 | D37: 190 | E37: 3142 | G37: Variação de 0,58%
A38: MEN 350 | B38: MIOLO 350 GRAMAS ESPECIAL | C38: 7-14-21 | D38: 350 | E38: 3356.52
A39: MEN150 | B39: MIOLO RECICLADO | C39: 7-14-21 | D39: 150 | E39: 3074
A40: MEN165 | B40: MIOLO RECICLADO | C40: 7-14-21 | D40: 165 | E40: 3356.52
A41: MK 110 | D41: 110 | E41: =E56 -> 4640.28
A42: MNN100 | B42: MIOLO RECICLADO | C42: 7-14-21 | D42: 100 | E42: 3356.52
A43: MNN110 | B43: MIOLO RECICLADO | C43: 7-14-21 | D43: 110 | E43: 2660
A44: MNN120 | B44: MIOLO RECICLADO | C44: 7-14-21 | D44: 125 | E44: 3356.52
A45: MNN130 | B45: MIOLO RECICLADO | C45: 7-14-21 | D45: 135 | E45: 3356.52
A46: MNN140 | B46: MIOLO RECICLADO | C46: 7-14-21 | D46: 140 | E46: 3356.52
A47: MS 130 | B47: MIOLO SIZE | D47: 130 | E47: 3356.52
A48: MT 100 | C48: 7-14-21 | D48: 100 | E48: =E56 -> 4640.28
A49: MT080 | C49: 7-14-21 | D49: 80 | E49: =E48 -> 4640.28
A50: MT110 | C50: 7-14-21 | D50: 110 | E50: =E49 -> 4640.28
A51: MT120 | C51: 7-14-21 | D51: 120 | E51: =E50 -> 4640.28
A52: MT140 | C52: 7-14-21 | D52: 140 | E52: =E51 -> 4640.28
A53: MT160 | D53: 160 | E53: =E52 -> 4640.28
A54: MT185 | C54: 7-14-21 | D54: 185 | E54: =E53 -> 4640.28
A55: MTP120 | C55: 7-14-21 | D55: 140 | E55: =E54 -> 4640.28
A56: TL125 | B56: Testliner de 125g | C56: 7-14-21 | D56: 125 | E56: 4640.28
A57: TL180 | B57: TESTLINER180 | D57: 180 | E57: =E56 -> 4640.28
A58: TTL120 | B58: TEST LINER - JBS | C58: 20-40-60 | D58: 120 | E58: =E57 -> 4640.28

Sheet Setembro-2023
A1: Papel | B1: Descrição | C1: Grupo | D1: Gramatura (g/m²) | E1: Custo ($/t)|Valor REAL
A2: 0 | B2: OUTROS | C2: 20-40-60 | D2: 1 | E2: 1
A3: BRN 056 | B3: BRANCO 56G/M² | C3: 7-14-21 | D3: 50 | E3: 6360 | G3: 6.36 | H3: =G3*1000 -> 6360
A4: BRN075 | B4: BRANCO 70g | D4: 75 | E4: =E3 -> 6360
A5: BRN075 | B5: BRANCO 75g | D5: 75 | E5: =E3 -> 6360
A6: BRN100 | C6: 7-14-21 | D6: 100 | E6: 0
A7: BRN110 | B7: Branco 110 | C7: 7-14-21 | D7: 110 | E7: 2639
A8: BRN120 | B8: BRANCO WTL | C8: 7-14-21 | D8: 120 | E8: 6000 | G8: 5.897 | H8: =G8*1000 -> 5897
A9: BRN130 | B9: BRANCO WTL | C9: 7-14-21 | D9: 120 | E9: 6000
A10: BRN140 | B10: BRANCO WTL | C10: 7-14-21 | D10: 140 | E10: 5394
A11: BRN150 | B11: BRANCO WTL | C11: 7-14-21 | D11: 150 | E11: 4221
A12: BRN175 | B12: BRANCO WTL KLABIN | C12: 7-14-21 | D12: 175 | E12: 7796 | G12: Variação de - 0,87%
A13: BRN180 | B13: BRANCO | C13: 7-14-21 | D13: 175 | E13: 7796
A14: BRN63 | B14: BRANCO | C14: 7-14-21 | D14: 50 | E14: 7154
A15: BRN90 | B15: BRANCO 90G/M² | C15: 20-40-60 | D15: 90 | E15: 5955 | G15: Variação de - 15,97%
A16: CNP190 | B16: COUTING NEOPACK | C16: 20-40-60 | D16: 190 | E16: 7796
A17: KKN 150 | B17: KRAFT 150g | D17: 150 | E17: 5289.26 | G17: Variação de - 1,79%
A18: KKN 375 | B18: PAPEL KRAFT 375G | C18: 7-14-21 | D18: 375 | E18: 5008
A19: KKN080 | B19: KRAFT P/ ACOPLAGEM | C19: 7-14-21 | D19: 80 | E19: 6422
A20: KKN90 | B20: KRAFT | C20: 7-14-21 | D20: 100 | E20: 5289.26
A21: KKN100 | B21: KRAFT | C21: 7-14-21 | D21: 100 | E21: 5289.26
A22: KKN110 | B22: KRAFT | C22: 7-14-21 | D22: 115 | E22: 3877
A23: KKN125 | B23: KRAFT | C23: 7-14-21 | D23: 125 | E23: 4781
A24: KKN130 | B24: KRAFT | C24: 7-14-21 | D24: 125 | E24: 5190
A25: KKN140 | B25: KRAFT | C25: 7-14-21 | D25: 140 | E25: 5289.26
A26: KKN155 | B26: KRAFT 155 | D26: 155 | E26: 5289.26
A27: KKN160 | B27: KRAFT NORMAL 160g | C27: 7-14-21 | D27: 170 | E27: 5289.26
A28: KKN170 | B28: KRAFT NORMAL 170G | C28: 7-14-21 | D28: 180 | E28: 5289.26
A29: KKN175 | B29: KRAFT | C29: 7-14-21 | D29: 185 | E29: 5230
A30: KKN185 | B30: KRAFT | C30: 7-14-21 | D30: 185 | E30: 4868
A31: KKN190 | B31: KRAFT | C31: 7-14-21 | D31: 200 | E31: 5289.26
A32: KKN200 | B32: KRAFT | C32: 7-14-21 | D32: 200 | E32: 5289.26
A33: KKN240 | B33: KRAFT | C33: 7-14-21 | D33: 240 | E33: 5026
A34: KKN280 | B34: KRAFT 280 | C34: 7-14-21 | D34: 280 | E34: 7004
A35: KKP110 | B35: KRAFT 110g PLASTIFICADO (15g) | C35: 7-14-21 | D35: 130 | E35: =E36 -> 9170
A36: KKP125 | B36: KKN125(125g) + Plastif(15g) | C36: 7-14-21 | D36: 145 | E36: 9170
A37: MEN 190 | B37: MIOLO ESPECIAL 190 | C37: 7-14-21 | D37: 190 | E37: 3115 | G37: Variação de 0,58%
A38: MEN 350 | B38: MIOLO 350 GRAMAS ESPECIAL | C38: 7-14-21 | D38: 350 | E38: 3356.52
A39: MEN150 | B39: MIOLO RECICLADO | C39: 7-14-21 | D39: 150 | E39: 2881
A40: MEN165 | B40: MIOLO RECICLADO | C40: 7-14-21 | D40: 165 | E40: 3356.52
A41: MK 110 | D41: 110 | E41: =E56 -> 4161.94
A42: MNN100 | B42: MIOLO RECICLADO | C42: 7-14-21 | D42: 100 | E42: 3356.52
A43: MNN110 | B43: MIOLO RECICLADO | C43: 7-14-21 | D43: 110 | E43: 2639
A44: MNN120 | B44: MIOLO RECICLADO | C44: 7-14-21 | D44: 125 | E44: 3356.52
A45: MNN130 | B45: MIOLO RECICLADO | C45: 7-14-21 | D45: 135 | E45: 3356.52
A46: MNN140 | B46: MIOLO RECICLADO | C46: 7-14-21 | D46: 140 | E46: 3356.52
A47: MS 130 | B47: MIOLO SIZE | D47: 130 | E47: 3356.52
A48: MT 100 | C48: 7-14-21 | D48: 100 | E48: =E56 -> 4161.94
A49: MT080 | C49: 7-14-21 | D49: 80 | E49: =E48 -> 4161.94
A50: MT110 | C50: 7-14-21 | D50: 110 | E50: =E49 -> 4161.94
A51: MT120 | C51: 7-14-21 | D51: 120 | E51: =E50 -> 4161.94
A52: MT140 | C52: 7-14-21 | D52: 140 | E52: =E51 -> 4161.94
A53: MT160 | D53: 160 | E53: =E52 -> 4161.94
A54: MT185 | C54: 7-14-21 | D54: 185 | E54: =E53 -> 4161.94
A55: MTP120 | C55: 7-14-21 | D55: 140 | E55: =E54 -> 4161.94
A56: TL125 | B56: Testliner de 125g | C56: 7-14-21 | D56: 125 | E56: 4161.94
A57: TL180 | B57: TESTLINER180 | D57: 180 | E57: =E56 -> 4161.94
A58: TTL120 | B58: TEST LINER - JBS | C58: 20-40-60 | D58: 120 | E58: =E57 -> 4161.94
E65: 4.16194 | F65: =E65*1000 -> 4161.94

Sheet Outubro-2023
A1: Papel | B1: Descrição | C1: Grupo | D1: Gramatura (g/m²) | E1: Custo ($/t)|Valor REAL
A2: 0 | B2: OUTROS | C2: 20-40-60 | D2: 1 | E2: 1
A3: BRN 056 | B3: BRANCO 56G/M² | C3: 7-14-21 | D3: 50 | E3: 6360 | G3: 6.36 | H3: =G3*1000 -> 6360
A4: BRN075 | B4: BRANCO 70g | D4: 75 | E4: =E3 -> 6360
A5: BRN075 | B5: BRANCO 75g | D5: 75 | E5: =E3 -> 6360
A6: BRN100 | C6: 7-14-21 | D6: 100 | E6: 0
A7: BRN110 | B7: Branco 110 | C7: 7-14-21 | D7: 110 | E7: 2649
A8: BRN120 | B8: BRANCO WTL | C8: 7-14-21 | D8: 120 | E8: 6000 | G8: 5.897 | H8: =G8*1000 -> 5897
A9: BRN130 | B9: BRANCO WTL | C9: 7-14-21 | D9: 120 | E9: 6000
A10: BRN140 | B10: BRANCO WTL | C10: 7-14-21 | D10: 140 | E10: 5394
A11: BRN150 | B11: BRANCO WTL | C11: 7-14-21 | D11: 150 | E11: 4222
A12: BRN175 | B12: BRANCO WTL KLABIN | C12: 7-14-21 | D12: 175 | E12: 4089 | G12: Variação de - 0,87%
A13: BRN180 | B13: BRANCO | C13: 7-14-21 | D13: 175 | E13: 7796
A14: BRN63 | B14: BRANCO | C14: 7-14-21 | D14: 50 | E14: 7154
A15: BRN90 | B15: BRANCO 90G/M² | C15: 20-40-60 | D15: 90 | E15: 6081 | G15: Variação de - 15,97%
A16: CNP190 | B16: COUTING NEOPACK | C16: 20-40-60 | D16: 190 | E16: 7796
A17: KKN 150 | B17: KRAFT 150g | D17: 150 | E17: 5289.26 | G17: Variação de - 1,79%
A18: KKN 375 | B18: PAPEL KRAFT 375G | C18: 7-14-21 | D18: 375 | E18: 4799
A19: KKN080 | B19: KRAFT P/ ACOPLAGEM | C19: 7-14-21 | D19: 80 | E19: 5930
A20: KKN90 | B20: KRAFT | C20: 7-14-21 | D20: 100 | E20: 5289.26
A21: KKN100 | B21: KRAFT | C21: 7-14-21 | D21: 100 | E21: 5289.26
A22: KKN110 | B22: KRAFT | C22: 7-14-21 | D22: 115 | E22: 3877
A23: KKN125 | B23: KRAFT | C23: 7-14-21 | D23: 125 | E23: 4565
A24: KKN130 | B24: KRAFT | C24: 7-14-21 | D24: 125 | E24: 5190
A25: KKN140 | B25: KRAFT | C25: 7-14-21 | D25: 140 | E25: 5289.26
A26: KKN155 | B26: KRAFT 155 | D26: 155 | E26: 5289.26
A27: KKN160 | B27: KRAFT NORMAL 160g | C27: 7-14-21 | D27: 170 | E27: 5289.26
A28: KKN170 | B28: KRAFT NORMAL 170G | C28: 7-14-21 | D28: 180 | E28: 5289.26
A29: KKN175 | B29: KRAFT | C29: 7-14-21 | D29: 185 | E29: 5230
A30: KKN185 | B30: KRAFT | C30: 7-14-21 | D30: 185 | E30: 4893
A31: KKN190 | B31: KRAFT | C31: 7-14-21 | D31: 200 | E31: 5289.26
A32: KKN200 | B32: KRAFT | C32: 7-14-21 | D32: 200 | E32: 5289.26
A33: KKN240 | B33: KRAFT | C33: 7-14-21 | D33: 240 | E33: 5026
A34: KKN280 | B34: KRAFT 280 | C34: 7-14-21 | D34: 280 | E34: 7004
A35: KKP110 | B35: KRAFT 110g PLASTIFICADO (15g) | C35: 7-14-21 | D35: 130 | E35: =E36 -> 9170
A36: KKP125 | B36: KKN125(125g) + Plastif(15g) | C36: 7-14-21 | D36: 145 | E36: 9170
A37: MEN 190 | B37: MIOLO ESPECIAL 190 | C37: 7-14-21 | D37: 190 | E37: 3114 | G37: Variação de 0,58%
A38: MEN 350 | B38: MIOLO 350 GRAMAS ESPECIAL | C38: 7-14-21 | D38: 350 | E38: 3356.52
A39: MEN150 | B39: MIOLO RECICLADO | C39: 7-14-21 | D39: 150 | E39: 2911
A40: MEN165 | B40: MIOLO RECICLADO | C40: 7-14-21 | D40: 165 | E40: 3356.52
A41: MK 110 | D41: 110 | E41: =E56 -> 4161.94
A42: MNN100 | B42: MIOLO RECICLADO | C42: 7-14-21 | D42: 100 | E42: 3356.52
A43: MNN110 | B43: MIOLO RECICLADO | C43: 7-14-21 | D43: 110 | E43: 2639
A44: MNN120 | B44: MIOLO RECICLADO | C44: 7-14-21 | D44: 125 | E44: 3356.52
A45: MNN130 | B45: MIOLO RECICLADO | C45: 7-14-21 | D45: 135 | E45: 3356.52
A46: MNN140 | B46: MIOLO RECICLADO | C46: 7-14-21 | D46: 140 | E46: 3356.52
A47: MS 130 | B47: MIOLO SIZE | D47: 130 | E47: 3356.52
A48: MT 100 | C48: 7-14-21 | D48: 100 | E48: =E56 -> 4161.94
A49: MT080 | C49: 7-14-21 | D49: 80 | E49: =E48 -> 4161.94
A50: MT110 | C50: 7-14-21 | D50: 110 | E50: =E49 -> 4161.94
A51: MT120 | C51: 7-14-21 | D51: 120 | E51: =E50 -> 4161.94
A52: MT140 | C52: 7-14-21 | D52: 140 | E52: =E51 -> 4161.94
A53: MT160 | D53: 160 | E53: =E52 -> 4161.94
A54: MT185 | C54: 7-14-21 | D54: 185 | E54: =E53 -> 4161.94
A55: MTP120 | C55: 7-14-21 | D55: 140 | E55: =E54 -> 4161.94
A56: TL125 | B56: Testliner de 125g | C56: 7-14-21 | D56: 125 | E56: 4161.94
A57: TL180 | B57: TESTLINER180 | D57: 180 | E57: =E56 -> 4161.94
A58: TTL120 | B58: TEST LINER - JBS | C58: 20-40-60 | D58: 120 | E58: =E57 -> 4161.94
E65: 4.16194 | F65: =E65*1000 -> 4161.94

Sheet Novembro-2023
A1: Papel | B1: Descrição | C1: Grupo | D1: Gramatura (g/m²) | E1: Custo ($/t)|Valor REAL
A2: 0 | B2: OUTROS | C2: 20-40-60 | D2: 1 | E2: 1
A3: BRN 056 | B3: BRANCO 56G/M² | C3: 7-14-21 | D3: 50 | E3: 6499 | G3: 6.36 | H3: =G3*1000 -> 6360
A4: BRN075 | B4: BRANCO 70g | D4: 75 | E4: =E3 -> 6499
A5: BRN075 | B5: BRANCO 75g | D5: 75 | E5: =E3 -> 6499
A6: BRN100 | C6: 7-14-21 | D6: 100 | E6: 0
A7: BRN110 | B7: Branco 110 | C7: 7-14-21 | D7: 110 | E7: 2659
A8: BRN120 | B8: BRANCO WTL | C8: 7-14-21 | D8: 120 | E8: 6000 | G8: 5.897 | H8: =G8*1000 -> 5897
A9: BRN130 | B9: BRANCO WTL | C9: 7-14-21 | D9: 120 | E9: 6000
A10: BRN140 | B10: BRANCO WTL | C10: 7-14-21 | D10: 140 | E10: 5394
A11: BRN150 | B11: BRANCO WTL | C11: 7-14-21 | D11: 150 | E11: 4222
A12: BRN175 | B12: BRANCO WTL KLABIN | C12: 7-14-21 | D12: 175 | E12: 4089 | G12: Variação de - 0,87%
A13: BRN180 | B13: BRANCO | C13: 7-14-21 | D13: 175 | E13: 7796
A14: BRN63 | B14: BRANCO | C14: 7-14-21 | D14: 50 | E14: 7154
A15: BRN90 | B15: BRANCO 90G/M² | C15: 20-40-60 | D15: 90 | E15: 6081 | G15: Variação de - 15,97%
A16: CNP190 | B16: COUTING NEOPACK | C16: 20-40-60 | D16: 190 | E16: 7232
A17: KKN 150 | B17: KRAFT 150g | D17: 150 | E17: 5289.26 | G17: Variação de - 1,79%
A18: KKN 375 | B18: PAPEL KRAFT 375G | C18: 7-14-21 | D18: 375 | E18: 5008
A19: KKN080 | B19: KRAFT P/ ACOPLAGEM | C19: 7-14-21 | D19: 80 | E19: 5930
A20: KKN90 | B20: KRAFT | C20: 7-14-21 | D20: 100 | E20: 4222
A21: KKN100 | B21: KRAFT | C21: 7-14-21 | D21: 100 | E21: 5289.26
A22: KKN110 | B22: KRAFT | C22: 7-14-21 | D22: 115 | E22: 3877
A23: KKN125 | B23: KRAFT | C23: 7-14-21 | D23: 125 | E23: 4461
A24: KKN130 | B24: KRAFT | C24: 7-14-21 | D24: 125 | E24: 5190
A25: KKN140 | B25: KRAFT | C25: 7-14-21 | D25: 140 | E25: 5289.26
A26: KKN155 | B26: KRAFT 155 | D26: 155 | E26: 5289.26
A27: KKN160 | B27: KRAFT NORMAL 160g | C27: 7-14-21 | D27: 170 | E27: 5289.26
A28: KKN170 | B28: KRAFT NORMAL 170G | C28: 7-14-21 | D28: 180 | E28: 5289.26
A29: KKN175 | B29: KRAFT | C29: 7-14-21 | D29: 185 | E29: 5230
A30: KKN185 | B30: KRAFT | C30: 7-14-21 | D30: 185 | E30: 5008
A31: KKN190 | B31: KRAFT | C31: 7-14-21 | D31: 200 | E31: 5289.26
A32: KKN200 | B32: KRAFT | C32: 7-14-21 | D32: 200 | E32: 5289.26
A33: KKN240 | B33: KRAFT | C33: 7-14-21 | D33: 240 | E33: 5026
A34: KKN280 | B34: KRAFT 280 | C34: 7-14-21 | D34: 280 | E34: 7004
A35: KKP110 | B35: KRAFT 110g PLASTIFICADO (15g) | C35: 7-14-21 | D35: 130 | E35: =E36 -> 9170
A36: KKP125 | B36: KKN125(125g) + Plastif(15g) | C36: 7-14-21 | D36: 145 | E36: 9170
A37: MEN 190 | B37: MIOLO ESPECIAL 190 | C37: 7-14-21 | D37: 190 | E37: 3138 | G37: Variação de 0,58%
A38: MEN 350 | B38: MIOLO 350 GRAMAS ESPECIAL | C38: 7-14-21 | D38: 350 | E38: 3356.52
A39: MEN150 | B39: MIOLO RECICLADO | C39: 7-14-21 | D39: 150 | E39: 2871
A40: MEN165 | B40: MIOLO RECICLADO | C40: 7-14-21 | D40: 165 | E40: 3356.52
A41: MK 110 | D41: 110 | E41: =E56 -> 4161.94
A42: MNN100 | B42: MIOLO RECICLADO | C42: 7-14-21 | D42: 100 | E42: 3356.52
A43: MNN110 | B43: MIOLO RECICLADO | C43: 7-14-21 | D43: 110 | E43: 2639
A44: MNN120 | B44: MIOLO RECICLADO | C44: 7-14-21 | D44: 125 | E44: 3356.52
A45: MNN130 | B45: MIOLO RECICLADO | C45: 7-14-21 | D45: 135 | E45: 3356.52
A46: MNN140 | B46: MIOLO RECICLADO | C46: 7-14-21 | D46: 140 | E46: 3356.52
A47: MS 130 | B47: MIOLO SIZE | D47: 130 | E47: 3356.52
A48: MT 100 | C48: 7-14-21 | D48: 100 | E48: =E56 -> 4161.94
A49: MT080 | C49: 7-14-21 | D49: 80 | E49: =E48 -> 4161.94
A50: MT110 | C50: 7-14-21 | D50: 110 | E50: =E49 -> 4161.94
A51: MT120 | C51: 7-14-21 | D51: 120 | E51: =E50 -> 4161.94
A52: MT140 | C52: 7-14-21 | D52: 140 | E52: =E51 -> 4161.94
A53: MT160 | D53: 160 | E53: =E52 -> 4161.94
A54: MT185 | C54: 7-14-21 | D54: 185 | E54: =E53 -> 4161.94
A55: MTP120 | C55: 7-14-21 | D55: 140 | E55: =E54 -> 4161.94
A56: TL125 | B56: Testliner de 125g | C56: 7-14-21 | D56: 125 | E56: 4161.94
A57: TL180 | B57: TESTLINER180 | D57: 180 | E57: =E56 -> 4161.94
A58: TTL120 | B58: TEST LINER - JBS | C58: 20-40-60 | D58: 120 | E58: =E57 -> 4161.94
E65: 4.16194 | F65: =E65*1000 -> 4161.94

Sheet Dezembro-2023
A1: Papel | B1: Descrição | C1: Grupo | D1: Gramatura (g/m²) | E1: Custo ($/t)|Valor REAL
A2: 0 | B2: OUTROS | C2: 20-40-60 | D2: 1 | E2: 1
A3: BRN 056 | B3: BRANCO 56G/M² | C3: 7-14-21 | D3: 50 | E3: 6499 | G3: 6.36 | H3: =G3*1000 -> 6360
A4: BRN075 | B4: BRANCO 70g | D4: 75 | E4: =E3 -> 6499
A5: BRN075 | B5: BRANCO 75g | D5: 75 | E5: =E3 -> 6499
A6: BRN100 | C6: 7-14-21 | D6: 100 | E6: 0
A7: BRN110 | B7: Branco 110 | C7: 7-14-21 | D7: 110 | E7: 2554
A8: BRN120 | B8: BRANCO WTL | C8: 7-14-21 | D8: 120 | E8: 6000 | G8: 5.897 | H8: =G8*1000 -> 5897
A9: BRN130 | B9: BRANCO WTL | C9: 7-14-21 | D9: 120 | E9: 6000
A10: BRN140 | B10: BRANCO WTL | C10: 7-14-21 | D10: 140 | E10: 5394
A11: BRN150 | B11: BRANCO WTL | C11: 7-14-21 | D11: 150 | E11: 4222
A12: BRN175 | B12: BRANCO WTL KLABIN | C12: 7-14-21 | D12: 175 | E12: 4222 | G12: Variação de - 0,87%
A13: BRN180 | B13: BRANCO | C13: 7-14-21 | D13: 175 | E13: 7796
A14: BRN63 | B14: BRANCO | C14: 7-14-21 | D14: 50 | E14: 7154
A15: BRN90 | B15: BRANCO 90G/M² | C15: 20-40-60 | D15: 90 | E15: 6081 | G15: Variação de - 15,97%
A16: CNP190 | B16: COUTING NEOPACK | C16: 20-40-60 | D16: 190 | E16: 7232
A17: KKN 150 | B17: KRAFT 150g | D17: 150 | E17: 5289.26 | G17: Variação de - 1,79%
A18: KKN 375 | B18: PAPEL KRAFT 375G | C18: 7-14-21 | D18: 375 | E18: 4850
A19: KKN080 | B19: KRAFT P/ ACOPLAGEM | C19: 7-14-21 | D19: 80 | E19: 5747
A20: KKN90 | B20: KRAFT | C20: 7-14-21 | D20: 100 | E20: 4222
A21: KKN100 | B21: KRAFT | C21: 7-14-21 | D21: 100 | E21: 5289.26
A22: KKN110 | B22: KRAFT | C22: 7-14-21 | D22: 115 | E22: 3877
A23: KKN125 | B23: KRAFT | C23: 7-14-21 | D23: 125 | E23: 4762
A24: KKN130 | B24: KRAFT | C24: 7-14-21 | D24: 125 | E24: 5190
A25: KKN140 | B25: KRAFT | C25: 7-14-21 | D25: 140 | E25: 4135
A26: KKN155 | B26: KRAFT 155 | D26: 155 | E26: 5289.26
A27: KKN160 | B27: KRAFT NORMAL 160g | C27: 7-14-21 | D27: 170 | E27: 4902
A28: KKN170 | B28: KRAFT NORMAL 170G | C28: 7-14-21 | D28: 180 | E28: 5289.26
A29: KKN175 | B29: KRAFT | C29: 7-14-21 | D29: 185 | E29: 5230
A30: KKN185 | B30: KRAFT | C30: 7-14-21 | D30: 185 | E30: 4932
A31: KKN190 | B31: KRAFT | C31: 7-14-21 | D31: 200 | E31: 5289.26
A32: KKN200 | B32: KRAFT | C32: 7-14-21 | D32: 200 | E32: 5289.26
A33: KKN240 | B33: KRAFT | C33: 7-14-21 | D33: 240 | E33: 5026
A34: KKN280 | B34: KRAFT 280 | C34: 7-14-21 | D34: 280 | E34: 7004
A35: KKP110 | B35: KRAFT 110g PLASTIFICADO (15g) | C35: 7-14-21 | D35: 130 | E35: =E36 -> 9170
A36: KKP125 | B36: KKN125(125g) + Plastif(15g) | C36: 7-14-21 | D36: 145 | E36: 9170
A37: MEN 190 | B37: MIOLO ESPECIAL 190 | C37: 7-14-21 | D37: 190 | E37: 3150 | G37: Variação de 0,58%
A38: MEN 350 | B38: MIOLO 350 GRAMAS ESPECIAL | C38: 7-14-21 | D38: 350 | E38: 3356.52
A39: MEN150 | B39: MIOLO RECICLADO | C39: 7-14-21 | D39: 150 | E39: 2795
A40: MEN165 | B40: MIOLO RECICLADO | C40: 7-14-21 | D40: 165 | E40: 3356.52
A41: MK 110 | D41: 110 | E41: =E56 -> 4161.94
A42: MNN100 | B42: MIOLO RECICLADO | C42: 7-14-21 | D42: 100 | E42: 3356.52
A43: MNN110 | B43: MIOLO RECICLADO | C43: 7-14-21 | D43: 110 | E43: 2639
A44: MNN120 | B44: MIOLO RECICLADO | C44: 7-14-21 | D44: 125 | E44: 3356.52
A45: MNN130 | B45: MIOLO RECICLADO | C45: 7-14-21 | D45: 135 | E45: 3356.52
A46: MNN140 | B46: MIOLO RECICLADO | C46: 7-14-21 | D46: 140 | E46: 3356.52
A47: MS 130 | B47: MIOLO SIZE | D47: 130 | E47: 3356.52
A48: MT 100 | C48: 7-14-21 | D48: 100 | E48: =E56 -> 4161.94
A49: MT080 | C49: 7-14-21 | D49: 80 | E49: =E48 -> 4161.94
A50: MT110 | C50: 7-14-21 | D50: 110 | E50: =E49 -> 4161.94
A51: MT120 | C51: 7-14-21 | D51: 120 | E51: =E50 -> 4161.94
A52: MT140 | C52: 7-14-21 | D52: 140 | E52: =E51 -> 4161.94
A53: MT160 | D53: 160 | E53: =E52 -> 4161.94
A54: MT185 | C54: 7-14-21 | D54: 185 | E54: =E53 -> 4161.94
A55: MTP120 | C55: 7-14-21 | D55: 140 | E55: =E54 -> 4161.94
A56: TL125 | B56: Testliner de 125g | C56: 7-14-21 | D56: 125 | E56: 4161.94
A57: TL180 | B57: TESTLINER180 | D57: 180 | E57: =E56 -> 4161.94
A58: TTL120 | B58: TEST LINER - JBS | C58: 20-40-60 | D58: 120 | E58: =E57 -> 4161.94
E65: 4.16194 | F65: =E65*1000 -> 4161.94

Sheet Janeiro-2024
A1: Papel | B1: Descrição | C1: Grupo | D1: Gramatura (g/m²) | E1: Custo ($/t)|Valor REAL
A2: 0 | B2: OUTROS | C2: 20-40-60 | D2: 1 | E2: 1
A3: BRN 056 | B3: BRANCO 56G/M² | C3: 7-14-21 | D3: 50 | E3: 6499 | G3: 6.36 | H3: =G3*1000 -> 6360
A4: BRN075 | B4: BRANCO 70g | D4: 75 | E4: =E3 -> 6499
A5: BRN075 | B5: BRANCO 75g | D5: 75 | E5: =E3 -> 6499
A6: BRN100 | C6: 7-14-21 | D6: 100 | E6: 0
A7: BRN110 | B7: Branco 110 | C7: 7-14-21 | D7: 110 | E7: 2518
A8: BRN120 | B8: BRANCO WTL | C8: 7-14-21 | D8: 120 | E8: 6000 | G8: 5.897 | H8: =G8*1000 -> 5897
A9: BRN130 | B9: BRANCO WTL | C9: 7-14-21 | D9: 120 | E9: 6000
A10: BRN140 | B10: BRANCO WTL | C10: 7-14-21 | D10: 140 | E10: 5394
A11: BRN150 | B11: BRANCO WTL | C11: 7-14-21 | D11: 150 | E11: 4179
A12: BRN175 | B12: BRANCO WTL KLABIN | C12: 7-14-21 | D12: 175 | E12: 4179 | G12: Variação de - 0,87%
A13: BRN180 | B13: BRANCO | C13: 7-14-21 | D13: 175 | E13: 7796
A14: BRN63 | B14: BRANCO | C14: 7-14-21 | D14: 50 | E14: 7154
A15: BRN90 | B15: BRANCO 90G/M² | C15: 20-40-60 | D15: 90 | E15: 5699 | G15: Variação de - 15,97%
A16: CNP190 | B16: COUTING NEOPACK | C16: 20-40-60 | D16: 190 | E16: 7232
A17: KKN 150 | B17: KRAFT 150g | D17: 150 | E17: 5289.26 | G17: Variação de - 1,79%
A18: KKN 375 | B18: PAPEL KRAFT 375G | C18: 7-14-21 | D18: 375 | E18: 4700
A19: KKN080 | B19: KRAFT P/ ACOPLAGEM | C19: 7-14-21 | D19: 80 | E19: 5747
A20: KKN90 | B20: KRAFT | C20: 7-14-21 | D20: 100 | E20: 4222
A21: KKN100 | B21: KRAFT | C21: 7-14-21 | D21: 100 | E21: 5289.26
A22: KKN110 | B22: KRAFT | C22: 7-14-21 | D22: 115 | E22: 3877
A23: KKN125 | B23: KRAFT | C23: 7-14-21 | D23: 125 | E23: 4627
A24: KKN130 | B24: KRAFT | C24: 7-14-21 | D24: 125 | E24: 5190
A25: KKN140 | B25: KRAFT | C25: 7-14-21 | D25: 140 | E25: 4179
A26: KKN155 | B26: KRAFT 155 | D26: 155 | E26: 5289.26
A27: KKN160 | B27: KRAFT NORMAL 160g | C27: 7-14-21 | D27: 170 | E27: 4902
A28: KKN170 | B28: KRAFT NORMAL 170G | C28: 7-14-21 | D28: 180 | E28: 5289.26
A29: KKN175 | B29: KRAFT | C29: 7-14-21 | D29: 185 | E29: 5230
A30: KKN185 | B30: KRAFT | C30: 7-14-21 | D30: 185 | E30: 4874
A31: KKN190 | B31: KRAFT | C31: 7-14-21 | D31: 200 | E31: 5289.26
A32: KKN200 | B32: KRAFT | C32: 7-14-21 | D32: 200 | E32: 5289.26
A33: KKN240 | B33: KRAFT | C33: 7-14-21 | D33: 240 | E33: 5026
A34: KKN280 | B34: KRAFT 280 | C34: 7-14-21 | D34: 280 | E34: 7004
A35: KKP110 | B35: KRAFT 110g PLASTIFICADO (15g) | C35: 7-14-21 | D35: 130 | E35: =E36 -> 8046.47
A36: KKP125 | B36: KKN125(125g) + Plastif(15g) | C36: 7-14-21 | D36: 145 | E36: 8046.47
A37: MEN 190 | B37: MIOLO ESPECIAL 190 | C37: 7-14-21 | D37: 190 | E37: 2990 | G37: Variação de 0,58%
A38: MEN 350 | B38: MIOLO 350 GRAMAS ESPECIAL | C38: 7-14-21 | D38: 350 | E38: 3356.52
A39: MEN150 | B39: MIOLO RECICLADO | C39: 7-14-21 | D39: 150 | E39: 2968
A40: MEN165 | B40: MIOLO RECICLADO | C40: 7-14-21 | D40: 165 | E40: 3356.52
A41: MK 110 | D41: 110 | E41: =E56 -> 4161.94
A42: MNN100 | B42: MIOLO RECICLADO | C42: 7-14-21 | D42: 100 | E42: 3356.52
A43: MNN110 | B43: MIOLO RECICLADO | C43: 7-14-21 | D43: 110 | E43: 2639
A44: MNN120 | B44: MIOLO RECICLADO | C44: 7-14-21 | D44: 125 | E44: 3356.52
A45: MNN130 | B45: MIOLO RECICLADO | C45: 7-14-21 | D45: 135 | E45: 3356.52
A46: MNN140 | B46: MIOLO RECICLADO | C46: 7-14-21 | D46: 140 | E46: 3356.52
A47: MS 130 | B47: MIOLO SIZE | D47: 130 | E47: 3356.52
A48: MT 100 | C48: 7-14-21 | D48: 100 | E48: =E56 -> 4161.94
A49: MT080 | C49: 7-14-21 | D49: 80 | E49: =E48 -> 4161.94
A50: MT110 | C50: 7-14-21 | D50: 110 | E50: =E49 -> 4161.94
A51: MT120 | C51: 7-14-21 | D51: 120 | E51: =E50 -> 4161.94
A52: MT140 | C52: 7-14-21 | D52: 140 | E52: =E51 -> 4161.94
A53: MT160 | D53: 160 | E53: =E52 -> 4161.94
A54: MT185 | C54: 7-14-21 | D54: 185
A55: MTP120 | C55: 7-14-21 | D55: 140 | E55: =E54 -> 0
A56: TL125 | B56: Testliner de 125g | C56: 7-14-21 | D56: 125 | E56: 4161.94
A57: TL180 | B57: TESTLINER180 | D57: 180 | E57: =E56 -> 4161.94
A58: TTL120 | B58: TEST LINER - JBS | C58: 20-40-60 | D58: 120 | E58: =E57 -> 4161.94
A59: KKPT125 | E59: =8.04647*1000 -> 8046.47
A60: KKN126
A61: KKN 090
A62: KKN120 BO
A63: CKP220
A64: KKN 300
A65: CNP150
A66: KKN160WR
A67: KKN120 WR
A68: CKF190
A69: CNP200
A70: CNP205
A71: MT110 FTP
... A79: MNN100 WR

Sheet Fevereiro-2024
A1: Papel | B1: Descrição | C1: Grupo | D1: Gramatura (g/m²) | E1: Custo ($/t)|Valor REAL
A2: 0 | B2: OUTROS | C2: 20-40-60 | D2: 1 | E2: 1
A3: BRN 056 | B3: BRANCO 56G/M² | C3: 7-14-21 | D3: 50 | E3: 6499 | G3: 6.36 | H3: =G3*1000 -> 6360
A4: BRN075 | B4: BRANCO 70g | D4: 75 | E4: =E3 -> 6499
A5: BRN075 | B5: BRANCO 75g | D5: 75 | E5: =E3 -> 6499
A6: BRN100 | C6: 7-14-21 | D6: 100 | E6: 0
A7: BRN110 | B7: Branco 110 | C7: 7-14-21 | D7: 110 | E7: 2623
A8: BRN120 | B8: BRANCO WTL | C8: 7-14-21 | D8: 120 | E8: 6000 | G8: 5.897 | H8: =G8*1000 -> 5897
A9: BRN130 | B9: BRANCO WTL | C9: 7-14-21 | D9: 120 | E9: 6000
A10: BRN140 | B10: BRANCO WTL | C10: 7-14-21 | D10: 140 | E10: 5394
A11: BRN150 | B11: BRANCO WTL | C11: 7-14-21 | D11: 150 | E11: 3496
A12: BRN175 | B12: BRANCO WTL KLABIN | C12: 7-14-21 | D12: 175 | E12: 4179 | G12: Variação de - 0,87%
A13: BRN180 | B13: BRANCO | C13: 7-14-21 | D13: 175 | E13: 7796
A14: BRN63 | B14: BRANCO | C14: 7-14-21 | D14: 50 | E14: 7154
A15: BRN90 | B15: BRANCO 90G/M² | C15: 20-40-60 | D15: 90 | E15: 5699 | G15: Variação de - 15,97%
A16: CNP190 | B16: COUTING NEOPACK | C16: 20-40-60 | D16: 190 | E16: 7547
A17: KKN 150 | B17: KRAFT 150g | D17: 150 | E17: 5289.26 | G17: Variação de - 1,79%
A18: KKN 375 | B18: PAPEL KRAFT 375G | C18: 7-14-21 | D18: 375 | E18: 4843
A19: KKN080 | B19: KRAFT P/ ACOPLAGEM | C19: 7-14-21 | D19: 80 | E19: 5747
A20: KKN90 | B20: KRAFT | C20: 7-14-21 | D20: 100 | E20: 4222
A21: KKN100 | B21: KRAFT | C21: 7-14-21 | D21: 100 | E21: 5289.26
A22: KKN110 | B22: KRAFT | C22: 7-14-21 | D22: 115 | E22: 3877
A23: KKN125 | B23: KRAFT | C23: 7-14-21 | D23: 125 | E23: 4525
A24: KKN130 | B24: KRAFT | C24: 7-14-21 | D24: 125 | E24: 5190
A25: KKN140 | B25: KRAFT | C25: 7-14-21 | D25: 140 | E25: 4421
A26: KKN155 | B26: KRAFT 155 | D26: 155 | E26: 5289.26
A27: KKN160 | B27: KRAFT NORMAL 160g | C27: 7-14-21 | D27: 170 | E27: 4902
A28: KKN170 | B28: KRAFT NORMAL 170G | C28: 7-14-21 | D28: 180 | E28: 5289.26
A29: KKN175 | B29: KRAFT | C29: 7-14-21 | D29: 185 | E29: 5230
A30: KKN185 | B30: KRAFT | C30: 7-14-21 | D30: 185 | E30: 4965
A31: KKN190 | B31: KRAFT | C31: 7-14-21 | D31: 200 | E31: 5289.26
A32: KKN200 | B32: KRAFT | C32: 7-14-21 | D32: 200 | E32: 5289.26
A33: KKN240 | B33: KRAFT | C33: 7-14-21 | D33: 240 | E33: 5026
A34: KKN280 | B34: KRAFT 280 | C34: 7-14-21 | D34: 280 | E34: 7004
A35: KKP110 | B35: KRAFT 110g PLASTIFICADO (15g) | C35: 7-14-21 | D35: 130 | E35: =E36 -> 8046.03
A36: KKP125 | B36: KKN125(125g) + Plastif(15g) | C36: 7-14-21 | D36: 145 | E36: =8.04603*1000 -> 8046.03
A37: MEN 190 | B37: MIOLO ESPECIAL 190 | C37: 7-14-21 | D37: 190 | E37: 2913 | G37: Variação de 0,58%
A38: MEN 350 | B38: MIOLO 350 GRAMAS ESPECIAL | C38: 7-14-21 | D38: 350 | E38: 3356.52
A39: MEN150 | B39: MIOLO RECICLADO | C39: 7-14-21 | D39: 150 | E39: 2911
A40: MEN165 | B40: MIOLO RECICLADO | C40: 7-14-21 | D40: 165 | E40: 3356.52
A41: MK 110 | D41: 110 | E41: =E56 -> 4161.94
A42: MNN100 | B42: MIOLO RECICLADO | C42: 7-14-21 | D42: 100 | E42: 3356.52
A43: MNN110 | B43: MIOLO RECICLADO | C43: 7-14-21 | D43: 110 | E43: 2639
A44: MNN120 | B44: MIOLO RECICLADO | C44: 7-14-21 | D44: 125 | E44: 3356.52
A45: MNN130 | B45: MIOLO RECICLADO | C45: 7-14-21 | D45: 135 | E45: 3356.52
A46: MNN140 | B46: MIOLO RECICLADO | C46: 7-14-21 | D46: 140 | E46: 3356.52
A47: MS 130 | B47: MIOLO SIZE | D47: 130 | E47: 3356.52
A48: MT 100 | C48: 7-14-21 | D48: 100 | E48: =E56 -> 4161.94
A49: MT080 | C49: 7-14-21 | D49: 80 | E49: =E48 -> 4161.94
A50: MT110 | C50: 7-14-21 | D50: 110 | E50: =E49 -> 4161.94
A51: MT120 | C51: 7-14-21 | D51: 120 | E51: =E50 -> 4161.94
A52: MT140 | C52: 7-14-21 | D52: 140 | E52: =E51 -> 4161.94
A53: MT160 | D53: 160 | E53: =E52 -> 4161.94
A54: MT185 | C54: 7-14-21 | D54: 185
A55: MTP120 | C55: 7-14-21 | D55: 140 | E55: =E54 -> 0
A56: TL125 | B56: Testliner de 125g | C56: 7-14-21 | D56: 125 | E56: 4161.94
A57: TL180 | B57: TESTLINER180 | D57: 180 | E57: =E56 -> 4161.94
A58: TTL120 | B58: TEST LINER - JBS | C58: 20-40-60 | D58: 120 | E58: =E57 -> 4161.94
A59: KKPT125 | E59: =8.04603*1000 -> 8046.03
E65: 4.16194 | F65: =E65*1000 -> 4161.94

Sheet Março-2024
A1: Papel | B1: Descrição | C1: Grupo | D1: Gramatura (g/m²) | E1: Custo ($/t)|Valor REAL
A2: 0 | B2: OUTROS | C2: 20-40-60 | D2: 1 | E2: 1
A3: BRN 056 | B3: BRANCO 56G/M² | C3: 7-14-21 | D3: 50 | E3: 6499 | G3: 6.36 | H3: =G3*1000 -> 6360
A4: BRN075 | B4: BRANCO 70g | D4: 75 | E4: =E3 -> 6499
A5: BRN075 | B5: BRANCO 75g | D5: 75 | E5: =E3 -> 6499
A6: BRN100 | C6: 7-14-21 | D6: 100 | E6: 0
A7: BRN110 | B7: Branco 110 | C7: 7-14-21 | D7: 110 | E7: 2445
A8: BRN120 | B8: BRANCO WTL | C8: 7-14-21 | D8: 120 | E8: 3326 | G8: 5.897 | H8: =G8*1000 -> 5897
A9: BRN130 | B9: BRANCO WTL | C9: 7-14-21 | D9: 120 | E9: 3326
A10: BRN140 | B10: BRANCO WTL | C10: 7-14-21 | D10: 140 | E10: 5394
A11: BRN150 | B11: BRANCO WTL | C11: 7-14-21 | D11: 150 | E11: 3326
A12: BRN175 | B12: BRANCO WTL KLABIN | C12: 7-14-21 | D12: 175 | E12: 3326 | G12: Variação de - 0,87%
A13: BRN180 | B13: BRANCO | C13: 7-14-21 | D13: 175 | E13: 7796
A14: BRN63 | B14: BRANCO | C14: 7-14-21 | D14: 50 | E14: 7154
A15: BRN90 | B15: BRANCO 90G/M² | C15: 20-40-60 | D15: 90 | E15: 5465 | G15: Variação de - 15,97%
A16: CNP190 | B16: COUTING NEOPACK | C16: 20-40-60 | D16: 190 | E16: 7547
A17: KKN 150 | B17: KRAFT 150g | D17: 150 | E17: 5289.26 | G17: Variação de - 1,79%
A18: KKN 375 | B18: PAPEL KRAFT 375G | C18: 7-14-21 | D18: 375 | E18: 5008
A19: KKN080 | B19: KRAFT P/ ACOPLAGEM | C19: 7-14-21 | D19: 80 | E19: 5747
A20: KKN90 | B20: KRAFT | C20: 7-14-21 | D20: 100 | E20: 4222
A21: KKN100 | B21: KRAFT | C21: 7-14-21 | D21: 100 | E21: 5289.26
A22: KKN110 | B22: KRAFT | C22: 7-14-21 | D22: 115 | E22: 3877
A23: KKN125 | B23: KRAFT | C23: 7-14-21 | D23: 125 | E23: 4222
A24: KKN130 | B24: KRAFT | C24: 7-14-21 | D24: 125 | E24: 5190
A25: KKN140 | B25: KRAFT | C25: 7-14-21 | D25: 140 | E25: 4421
A26: KKN155 | B26: KRAFT 155 | D26: 155 | E26: 5289.26
A27: KKN160 | B27: KRAFT NORMAL 160g | C27: 7-14-21 | D27: 170 | E27: 4902
A28: KKN170 | B28: KRAFT NORMAL 170G | C28: 7-14-21 | D28: 180 | E28: 5289.26
A29: KKN175 | B29: KRAFT | C29: 7-14-21 | D29: 185 | E29: 5230
A30: KKN185 | B30: KRAFT | C30: 7-14-21 | D30: 185 | E30: 4943
A31: KKN190 | B31: KRAFT | C31: 7-14-21 | D31: 200 | E31: 5289.26
A32: KKN200 | B32: KRAFT | C32: 7-14-21 | D32: 200 | E32: 5289.26
A33: KKN240 | B33: KRAFT | C33: 7-14-21 | D33: 240 | E33: 5026
A34: KKN280 | B34: KRAFT 280 | C34: 7-14-21 | D34: 280 | E34: 7004
A35: KKP110 | B35: KRAFT 110g PLASTIFICADO (15g) | C35: 7-14-21 | D35: 130 | E35: =E36 -> 8063.45
A36: KKP125 | B36: KKN125(125g) + Plastif(15g) | C36: 7-14-21 | D36: 145 | E36: 8063.45
A37: MEN 190 | B37: MIOLO ESPECIAL 190 | C37: 7-14-21 | D37: 190 | E37: 2881 | G37: Variação de 0,58%
A38: MEN 350 | B38: MIOLO 350 GRAMAS ESPECIAL | C38: 7-14-21 | D38: 350 | E38: 3356.52
A39: MEN150 | B39: MIOLO RECICLADO | C39: 7-14-21 | D39: 150 | E39: 2850
A40: MEN165 | B40: MIOLO RECICLADO | C40: 7-14-21 | D40: 165 | E40: 3356.52
A41: MK 110 | D41: 110 | E41: =E56 -> 4161.94
A42: MNN100 | B42: MIOLO RECICLADO | C42: 7-14-21 | D42: 100 | E42: 3356.52
A43: MNN110 | B43: MIOLO RECICLADO | C43: 7-14-21 | D43: 110 | E43: 2639
A44: MNN120 | B44: MIOLO RECICLADO | C44: 7-14-21 | D44: 125 | E44: 3356.52
A45: MNN130 | B45: MIOLO RECICLADO | C45: 7-14-21 | D45: 135 | E45: 3356.52
A46: MNN140 | B46: MIOLO RECICLADO | C46: 7-14-21 | D46: 140 | E46: 3356.52
A47: MS 130 | B47: MIOLO SIZE | D47: 130 | E47: 3356.52
A48: MT 100 | C48: 7-14-21 | D48: 100 | E48: =E56 -> 4161.94
A49: MT080 | C49: 7-14-21 | D49: 80 | E49: =E48 -> 4161.94
A50: MT110 | C50: 7-14-21 | D50: 110 | E50: =E49 -> 4161.94
A51: MT120 | C51: 7-14-21 | D51: 120 | E51: =E50 -> 4161.94
A52: MT140 | C52: 7-14-21 | D52: 140 | E52: =E51 -> 4161.94
A53: MT160 | D53: 160 | E53: =E52 -> 4161.94
A54: MT185 | C54: 7-14-21 | D54: 185
A55: MTP120 | C55: 7-14-21 | D55: 140 | E55: =E54 -> 0
A56: TL125 | B56: Testliner de 125g | C56: 7-14-21 | D56: 125 | E56: 4161.94
A57: TL180 | B57: TESTLINER180 | D57: 180 | E57: =E56 -> 4161.94
A58: TTL120 | B58: TEST LINER - JBS | C58: 20-40-60 | D58: 120 | E58: =E57 -> 4161.94
A59: KKPT125 | E59: =8.06345*1000 -> 8063.45
E65: 4.16194 | F65: =E65*1000 -> 4161.94

Sheet Abril-2024
A1: Papel | B1: Descrição | C1: Grupo | D1: Gramatura (g/m²) | E1: Custo ($/t)|Valor REAL
A2: 0 | B2: OUTROS | C2: 20-40-60 | D2: 1 | E2: 1
A3: BRN 056 | B3: BRANCO 56G/M² | C3: 7-14-21 | D3: 50 | E3: 6499 | G3: 6.36 | H3: =G3*1000 -> 6360
A4: BRN075 | B4: BRANCO 70g | D4: 75 | E4: =E3 -> 6499
A5: BRN075 | B5: BRANCO 75g | D5: 75 | E5: =E3 -> 6499
A6: BRN100 | C6: 7-14-21 | D6: 100 | E6: 0
A7: BRN110 | B7: Branco 110 | C7: 7-14-21 | D7: 110 | E7: 2637
A8: BRN120 | B8: BRANCO WTL | C8: 7-14-21 | D8: 120 | E8: 3326 | G8: 5.897 | H8: =G8*1000 -> 5897
A9: BRN130 | B9: BRANCO WTL | C9: 7-14-21 | D9: 120 | E9: 3326
A10: BRN140 | B10: BRANCO WTL | C10: 7-14-21 | D10: 140 | E10: 5394
A11: BRN150 | B11: BRANCO WTL | C11: 7-14-21 | D11: 150 | E11: 4179
A12: BRN175 | B12: BRANCO WTL KLABIN | C12: 7-14-21 | D12: 175 | E12: 3326 | G12: Variação de - 0,87%
A13: BRN180 | B13: BRANCO | C13: 7-14-21 | D13: 175 | E13: 7796
A14: BRN63 | B14: BRANCO | C14: 7-14-21 | D14: 50 | E14: 7154
A15: BRN90 | B15: BRANCO 90G/M² | C15: 20-40-60 | D15: 90 | E15: 5106 | G15: Variação de - 15,97%
A16: CNP190 | B16: COUTING NEOPACK | C16: 20-40-60 | D16: 190 | E16: 7547
A17: KKN 150 | B17: KRAFT 150g | D17: 150 | E17: 5289.26 | G17: Variação de - 1,79%
A18: KKN 375 | B18: PAPEL KRAFT 375G | C18: 7-14-21 | D18: 375 | E18: 4904
A19: KKN080 | B19: KRAFT P/ ACOPLAGEM | C19: 7-14-21 | D19: 80 | E19: 5747
A20: KKN90 | B20: KRAFT | C20: 7-14-21 | D20: 100 | E20: 4222
A21: KKN100 | B21: KRAFT | C21: 7-14-21 | D21: 100 | E21: 5289.26
A22: KKN110 | B22: KRAFT | C22: 7-14-21 | D22: 115 | E22: 3877
A23: KKN125 | B23: KRAFT | C23: 7-14-21 | D23: 125 | E23: 4245
A24: KKN130 | B24: KRAFT | C24: 7-14-21 | D24: 125 | E24: 5190
A25: KKN140 | B25: KRAFT | C25: 7-14-21 | D25: 140 | E25: 4319
A26: KKN155 | B26: KRAFT 155 | D26: 155 | E26: 5289.26
A27: KKN160 | B27: KRAFT NORMAL 160g | C27: 7-14-21 | D27: 170 | E27: 4902
A28: KKN170 | B28: KRAFT NORMAL 170G | C28: 7-14-21 | D28: 180 | E28: 5289.26
A29: KKN175 | B29: KRAFT | C29: 7-14-21 | D29: 185 | E29: 5230
A30: KKN185 | B30: KRAFT | C30: 7-14-21 | D30: 185 | E30: 4943
A31: KKN190 | B31: KRAFT | C31: 7-14-21 | D31: 200 | E31: 5289.26
A32: KKN200 | B32: KRAFT | C32: 7-14-21 | D32: 200 | E32: 5289.26
A33: KKN240 | B33: KRAFT | C33: 7-14-21 | D33: 240 | E33: 5026
A34: KKN280 | B34: KRAFT 280 | C34: 7-14-21 | D34: 280 | E34: 7004
A35: KKP110 | B35: KRAFT 110g PLASTIFICADO (15g) | C35: 7-14-21 | D35: 130 | E35: =E36 -> 8055.5
A36: KKP125 | B36: KKN125(125g) + Plastif(15g) | C36: 7-14-21 | D36: 145 | E36: 8055.5
A37: MEN 190 | B37: MIOLO ESPECIAL 190 | C37: 7-14-21 | D37: 190 | E37: 2849 | G37: Variação de 0,58%
A38: MEN 350 | B38: MIOLO 350 GRAMAS ESPECIAL | C38: 7-14-21 | D38: 350 | E38: 3356.52
A39: MEN150 | B39: MIOLO RECICLADO | C39: 7-14-21 | D39: 150 | E39: 2833
A40: MEN165 | B40: MIOLO RECICLADO | C40: 7-14-21 | D40: 165 | E40: 3356.52
A41: MK 110 | D41: 110 | E41: =E56 -> 4161.94
A42: MNN100 | B42: MIOLO RECICLADO | C42: 7-14-21 | D42: 100 | E42: 3356.52
A43: MNN110 | B43: MIOLO RECICLADO | C43: 7-14-21 | D43: 110 | E43: 2639
A44: MNN120 | B44: MIOLO RECICLADO | C44: 7-14-21 | D44: 125 | E44: 3356.52
A45: MNN130 | B45: MIOLO RECICLADO | C45: 7-14-21 | D45: 135 | E45: 3356.52
A46: MNN140 | B46: MIOLO RECICLADO | C46: 7-14-21 | D46: 140 | E46: 3356.52
A47: MS 130 | B47: MIOLO SIZE | D47: 130 | E47: 3356.52
A48: MT 100 | C48: 7-14-21 | D48: 100 | E48: =E56 -> 4161.94
A49: MT080 | C49: 7-14-21 | D49: 80 | E49: =E48 -> 4161.94
A50: MT110 | C50: 7-14-21 | D50: 110 | E50: =E49 -> 4161.94
A51: MT120 | C51: 7-14-21 | D51: 120 | E51: =E50 -> 4161.94
A52: MT140 | C52: 7-14-21 | D52: 140 | E52: =E51 -> 4161.94
A53: MT160 | D53: 160 | E53: =E52 -> 4161.94
A54: MT185 | C54: 7-14-21 | D54: 185
A55: MTP120 | C55: 7-14-21 | D55: 140 | E55: =E54 -> 0
A56: TL125 | B56: Testliner de 125g | C56: 7-14-21 | D56: 125 | E56: 4161.94
A57: TL180 | B57: TESTLINER180 | D57: 180 | E57: =E56 -> 4161.94
A58: TTL120 | B58: TEST LINER - JBS | C58: 20-40-60 | D58: 120 | E58: =E57 -> 4161.94
A59: KKPT125 | E59: =8.0555*1000 -> 8055.5
E65: 4.16194 | F65: =E65*1000 -> 4161.94

Sheet Maio-2024
A1: Papel | B1: Descrição | C1: Grupo | D1: Gramatura (g/m²) | E1: Custo ($/t)|Valor REAL
A2: 0 | B2: OUTROS | C2: 20-40-60 | D2: 1 | E2: 1
A3: BRN 056 | B3: BRANCO 56G/M² | C3: 7-14-21 | D3: 50 | E3: 6499 | G3: 6.36 | H3: =G3*1000 -> 6360
A4: BRN075 | B4: BRANCO 70g | D4: 75 | E4: =E3 -> 6499
A5: BRN075 | B5: BRANCO 75g | D5: 75 | E5: =E3 -> 6499
A6: BRN100 | C6: 7-14-21 | D6: 100 | E6: 0
A7: BRN110 | B7: Branco 110 | C7: 7-14-21 | D7: 110 | E7: 2564
A8: BRN120 | B8: BRANCO WTL | C8: 7-14-21 | D8: 120 | E8: 3411 | G8: 5.897 | H8: =G8*1000 -> 5897
A9: BRN130 | B9: BRANCO WTL | C9: 7-14-21 | D9: 120 | E9: 3411
A10: BRN140 | B10: BRANCO WTL | C10: 7-14-21 | D10: 140 | E10: 5394
A11: BRN150 | B11: BRANCO WTL | C11: 7-14-21 | D11: 150 | E11: 4269
A12: BRN175 | B12: BRANCO WTL KLABIN | C12: 7-14-21 | D12: 175 | E12: 3326 | G12: Variação de - 0,87%
A13: BRN180 | B13: BRANCO | C13: 7-14-21 | D13: 175 | E13: 7796
A14: BRN63 | B14: BRANCO | C14: 7-14-21 | D14: 50 | E14: 7154
A15: BRN90 | B15: BRANCO 90G/M² | C15: 20-40-60 | D15: 90 | E15: 5106 | G15: Variação de - 15,97%
A16: CNP190 | B16: COUTING NEOPACK | C16: 20-40-60 | D16: 190 | E16: 8021
A17: KKN 150 | B17: KRAFT 150g | D17: 150 | E17: 5289.26 | G17: Variação de - 1,79%
A18: KKN 375 | B18: PAPEL KRAFT 375G | C18: 7-14-21 | D18: 375 | E18: 4904
A19: KKN080 | B19: KRAFT P/ ACOPLAGEM | C19: 7-14-21 | D19: 80 | E19: 5747
A20: KKN90 | B20: KRAFT | C20: 7-14-21 | D20: 100 | E20: 4212
A21: KKN100 | B21: KRAFT | C21: 7-14-21 | D21: 100 | E21: 5289.26
A22: KKN110 | B22: KRAFT | C22: 7-14-21 | D22: 115 | E22: 3877
A23: KKN125 | B23: KRAFT | C23: 7-14-21 | D23: 125 | E23: 4406
A24: KKN130 | B24: KRAFT | C24: 7-14-21 | D24: 125 | E24: 5190
A25: KKN140 | B25: KRAFT | C25: 7-14-21 | D25: 140 | E25: 4179
A26: KKN155 | B26: KRAFT 155 | D26: 155 | E26: 5289.26
A27: KKN160 | B27: KRAFT NORMAL 160g | C27: 7-14-21 | D27: 170 | E27: 4902
A28: KKN170 | B28: KRAFT NORMAL 170G | C28: 7-14-21 | D28: 180 | E28: 5289.26
A29: KKN175 | B29: KRAFT | C29: 7-14-21 | D29: 185 | E29: 5230
A30: KKN185 | B30: KRAFT | C30: 7-14-21 | D30: 185 | E30: 4861
A31: KKN190 | B31: KRAFT | C31: 7-14-21 | D31: 200 | E31: 5289.26
A32: KKN200 | B32: KRAFT | C32: 7-14-21 | D32: 200 | E32: 5289.26
A33: KKN240 | B33: KRAFT | C33: 7-14-21 | D33: 240 | E33: 5026
A34: KKN280 | B34: KRAFT 280 | C34: 7-14-21 | D34: 280 | E34: 7004
A35: KKP110 | B35: KRAFT 110g PLASTIFICADO (15g) | C35: 7-14-21 | D35: 130 | E35: =E36 -> 8095.19
A36: KKP125 | B36: KKN125(125g) + Plastif(15g) | C36: 7-14-21 | D36: 145 | E36: 8095.19
A37: MEN 190 | B37: MIOLO ESPECIAL 190 | C37: 7-14-21 | D37: 190 | E37: 2907 | G37: Variação de 0,58%
A38: MEN 350 | B38: MIOLO 350 GRAMAS ESPECIAL | C38: 7-14-21 | D38: 350 | E38: 3356.52
A39: MEN150 | B39: MIOLO RECICLADO | C39: 7-14-21 | D39: 150 | E39: 2916
A40: MEN165 | B40: MIOLO RECICLADO | C40: 7-14-21 | D40: 165 | E40: 3356.52
A41: MK 110 | D41: 110 | E41: =E56 -> 4161.94
A42: MNN100 | B42: MIOLO RECICLADO | C42: 7-14-21 | D42: 100 | E42: 3356.52
A43: MNN110 | B43: MIOLO RECICLADO | C43: 7-14-21 | D43: 110 | E43: 2639
A44: MNN120 | B44: MIOLO RECICLADO | C44: 7-14-21 | D44: 125 | E44: 3356.52
A45: MNN130 | B45: MIOLO RECICLADO | C45: 7-14-21 | D45: 135 | E45: 3356.52
A46: MNN140 | B46: MIOLO RECICLADO | C46: 7-14-21 | D46: 140 | E46: 3356.52
A47: MS 130 | B47: MIOLO SIZE | D47: 130 | E47: 3356.52
A48: MT 100 | C48: 7-14-21 | D48: 100 | E48: =E56 -> 4161.94
A49: MT080 | C49: 7-14-21 | D49: 80 | E49: =E48 -> 4161.94
A50: MT110 | C50: 7-14-21 | D50: 110 | E50: =E49 -> 4161.94
A51: MT120 | C51: 7-14-21 | D51: 120 | E51: =E50 -> 4161.94
A52: MT140 | C52: 7-14-21 | D52: 140 | E52: =E51 -> 4161.94
A53: MT160 | D53: 160 | E53: =E52 -> 4161.94
A54: MT185 | C54: 7-14-21 | D54: 185
A55: MTP120 | C55: 7-14-21 | D55: 140 | E55: =E54 -> 0
A56: TL125 | B56: Testliner de 125g | C56: 7-14-21 | D56: 125 | E56: 4161.94
A57: TL180 | B57: TESTLINER180 | D57: 180 | E57: =E56 -> 4161.94
A58: TTL120 | B58: TEST LINER - JBS | C58: 20-40-60 | D58: 120 | E58: =E57 -> 4161.94
A59: KKPT125 | D59: 125 | E59: =8.09519*1000 -> 8095.19
E65: 4.16194 | F65: =E65*1000 -> 4161.94

Sheet Junho-2024
A1: Papel | B1: Descrição | C1: Grupo | D1: Gramatura (g/m²) | E1: Custo ($/t)|Valor REAL
A2: 0 | B2: OUTROS | C2: 20-40-60 | D2: 1 | E2: 1
A3: BRN 056 | B3: BRANCO 56G/M² | C3: 7-14-21 | D3: 50 | E3: 6499 | G3: 6.36 | H3: =G3*1000 -> 6360
A4: BRN075 | B4: BRANCO 70g | D4: 75 | E4: =E3 -> 6499
A5: BRN075 | B5: BRANCO 75g | D5: 75 | E5: =E3 -> 6499
A6: BRN100 | C6: 7-14-21 | D6: 100 | E6: 0
A7: BRN110 | B7: Branco 110 | C7: 7-14-21 | D7: 110 | E7: 2391
A8: BRN120 | B8: BRANCO WTL | C8: 7-14-21 | D8: 120 | E8: 4546 | G8: 5.897 | H8: =G8*1000 -> 5897
A9: BRN130 | B9: BRANCO WTL | C9: 7-14-21 | D9: 120 | E9: 4546
A10: BRN140 | B10: BRANCO WTL | C10: 7-14-21 | D10: 140 | E10: 5394
A11: BRN150 | B11: BRANCO WTL | C11: 7-14-21 | D11: 150 | E11: 4546
A12: BRN175 | B12: BRANCO WTL KLABIN | C12: 7-14-21 | D12: 175 | E12: 3326 | G12: Variação de - 0,87%
A13: BRN180 | B13: BRANCO | C13: 7-14-21 | D13: 175 | E13: 7796
A14: BRN63 | B14: BRANCO | C14: 7-14-21 | D14: 50 | E14: 7154
A15: BRN90 | B15: BRANCO 90G/M² | C15: 20-40-60 | D15: 90 | E15: 5699 | G15: Variação de - 15,97%
A16: CNP190 | B16: COUTING NEOPACK | C16: 20-40-60 | D16: 190 | E16: 8021
A17: KKN 150 | B17: KRAFT 150g | D17: 150 | E17: 5289.26 | G17: Variação de - 1,79%
A18: KKN 375 | B18: PAPEL KRAFT 375G | C18: 7-14-21 | D18: 375 | E18: 4904
A19: KKN080 | B19: KRAFT P/ ACOPLAGEM | C19: 7-14-21 | D19: 80 | E19: 5747
A20: KKN90 | B20: KRAFT | C20: 7-14-21 | D20: 100 | E20: 4212
A21: KKN100 | B21: KRAFT | C21: 7-14-21 | D21: 100 | E21: 5289.26
A22: KKN110 | B22: KRAFT | C22: 7-14-21 | D22: 115 | E22: 3877
A23: KKN125 | B23: KRAFT | C23: 7-14-21 | D23: 125 | E23: 4434
A24: KKN130 | B24: KRAFT | C24: 7-14-21 | D24: 125 | E24: 5190
A25: KKN140 | B25: KRAFT | C25: 7-14-21 | D25: 140 | E25: 4179
A26: KKN155 | B26: KRAFT 155 | D26: 155 | E26: 5289.26
A27: KKN160 | B27: KRAFT NORMAL 160g | C27: 7-14-21 | D27: 170 | E27: 4902
A28: KKN170 | B28: KRAFT NORMAL 170G | C28: 7-14-21 | D28: 180 | E28: 5289.26
A29: KKN175 | B29: KRAFT | C29: 7-14-21 | D29: 185 | E29: 5230
A30: KKN185 | B30: KRAFT | C30: 7-14-21 | D30: 185 | E30: 4623
A31: KKN190 | B31: KRAFT | C31: 7-14-21 | D31: 200 | E31: 5289.26
A32: KKN200 | B32: KRAFT | C32: 7-14-21 | D32: 200 | E32: 5289.26
A33: KKN240 | B33: KRAFT | C33: 7-14-21 | D33: 240 | E33: 5026
A34: KKN280 | B34: KRAFT 280 | C34: 7-14-21 | D34: 280 | E34: 7004
A35: KKP110 | B35: KRAFT 110g PLASTIFICADO (15g) | C35: 7-14-21 | D35: 130 | E35: =E36 -> 8095.39
A36: KKP125 | B36: KKN125(125g) + Plastif(15g) | C36: 7-14-21 | D36: 145 | E36: 8095.39
A37: MEN 190 | B37: MIOLO ESPECIAL 190 | C37: 7-14-21 | D37: 190 | E37: 3004 | G37: Variação de 0,58%
A38: MEN 350 | B38: MIOLO 350 GRAMAS ESPECIAL | C38: 7-14-21 | D38: 350 | E38: 3356.52
A39: MEN150 | B39: MIOLO RECICLADO | C39: 7-14-21 | D39: 150 | E39: 2771
A40: MEN165 | B40: MIOLO RECICLADO | C40: 7-14-21 | D40: 165 | E40: 3356.52
A41: MK 110 | D41: 110 | E41: =E56 -> 4161.94
A42: MNN100 | B42: MIOLO RECICLADO | C42: 7-14-21 | D42: 100 | E42: 3356.52
A43: MNN110 | B43: MIOLO RECICLADO | C43: 7-14-21 | D43: 110 | E43: 2639
A44: MNN120 | B44: MIOLO RECICLADO | C44: 7-14-21 | D44: 125 | E44: 3356.52
A45: MNN130 | B45: MIOLO RECICLADO | C45: 7-14-21 | D45: 135 | E45: 3356.52
A46: MNN140 | B46: MIOLO RECICLADO | C46: 7-14-21 | D46: 140 | E46: 3356.52
A47: MS 130 | B47: MIOLO SIZE | D47: 130 | E47: 3356.52
A48: MT 100 | C48: 7-14-21 | D48: 100 | E48: =E56 -> 4161.94
A49: MT080 | C49: 7-14-21 | D49: 80 | E49: =E48 -> 4161.94
A50: MT110 | C50: 7-14-21 | D50: 110 | E50: =E49 -> 4161.94
A51: MT120 | C51: 7-14-21 | D51: 120 | E51: =E50 -> 4161.94
A52: MT140 | C52: 7-14-21 | D52: 140 | E52: =E51 -> 4161.94
A53: MT160 | D53: 160 | E53: =E52 -> 4161.94
A54: MT185 | C54: 7-14-21 | D54: 185
A55: MTP120 | C55: 7-14-21 | D55: 140 | E55: =E54 -> 0
A56: TL125 | B56: Testliner de 125g | C56: 7-14-21 | D56: 125 | E56: 4161.94
A57: TL180 | B57: TESTLINER180 | D57: 180 | E57: =E56 -> 4161.94
A58: TTL120 | B58: TEST LINER - JBS | C58: 20-40-60 | D58: 120 | E58: =E57 -> 4161.94
A59: KKPT125 | D59: 125 | E59: =8.09539*1000 -> 8095.39
E65: 4.16194 | F65: =E65*1000 -> 4161.94

Sheet Julho-2024
A1: Papel | B1: Descrição | C1: Grupo | D1: Gramatura (g/m²) | E1: Custo ($/t)|Valor REAL
A2: 0 | B2: OUTROS | C2: 20-40-60 | D2: 1 | E2: 1
A3: BRN 056 | B3: BRANCO 56G/M² | C3: 7-14-21 | D3: 50 | E3: 6499 | G3: 6.36 | H3: =G3*1000 -> 6360
A4: BRN075 | B4: BRANCO 70g | D4: 75 | E4: =E3 -> 6499
A5: BRN075 | B5: BRANCO 75g | D5: 75 | E5: =E3 -> 6499
A6: BRN100 | C6: 7-14-21 | D6: 100 | E6: 0
A7: BRN110 | B7: Branco 110 | C7: 7-14-21 | D7: 110 | E7: 2760
A8: BRN120 | B8: BRANCO WTL | C8: 7-14-21 | D8: 120 | E8: 4546 | G8: 5.897 | H8: =G8*1000 -> 5897
A9: BRN130 | B9: BRANCO WTL | C9: 7-14-21 | D9: 120 | E9: 4546
A10: BRN140 | B10: BRANCO WTL | C10: 7-14-21 | D10: 140 | E10: 5394
A11: BRN150 | B11: BRANCO WTL | C11: 7-14-21 | D11: 150 | E11: 4546
A12: BRN175 | B12: BRANCO WTL KLABIN | C12: 7-14-21 | D12: 175 | E12: 4546 | G12: Variação de - 0,87%
A13: BRN180 | B13: BRANCO | C13: 7-14-21 | D13: 175 | E13: 7796
A14: BRN63 | B14: BRANCO | C14: 7-14-21 | D14: 50 | E14: 7154
A15: BRN90 | B15: BRANCO 90G/M² | C15: 20-40-60 | D15: 90 | E15: 5699 | G15: Variação de - 15,97%
A16: CNP190 | B16: COUTING NEOPACK | C16: 20-40-60 | D16: 190 | E16: 8021
A17: KKN 150 | B17: KRAFT 150g | D17: 150 | E17: 5289.26 | G17: Variação de - 1,79%
A18: KKN 375 | B18: PAPEL KRAFT 375G | C18: 7-14-21 | D18: 375 | E18: 4699
A19: KKN080 | B19: KRAFT P/ ACOPLAGEM | C19: 7-14-21 | D19: 80 | E19: 5747
A20: KKN90 | B20: KRAFT | C20: 7-14-21 | D20: 100 | E20: 4212
A21: KKN100 | B21: KRAFT | C21: 7-14-21 | D21: 100 | E21: 5289.26
A22: KKN110 | B22: KRAFT | C22: 7-14-21 | D22: 115 | E22: 3877
A23: KKN125 | B23: KRAFT | C23: 7-14-21 | D23: 125 | E23: 3921
A24: KKN130 | B24: KRAFT | C24: 7-14-21 | D24: 125 | E24: 5190
A25: KKN140 | B25: KRAFT | C25: 7-14-21 | D25: 140 | E25: 4179
A26: KKN155 | B26: KRAFT 155 | D26: 155 | E26: 5289.26
A27: KKN160 | B27: KRAFT NORMAL 160g | C27: 7-14-21 | D27: 170 | E27: 4902
A28: KKN170 | B28: KRAFT NORMAL 170G | C28: 7-14-21 | D28: 180 | E28: 5289.26
A29: KKN175 | B29: KRAFT | C29: 7-14-21 | D29: 185 | E29: 5230
A30: KKN185 | B30: KRAFT | C30: 7-14-21 | D30: 185 | E30: 4819
A31: KKN190 | B31: KRAFT | C31: 7-14-21 | D31: 200 | E31: 5289.26
A32: KKN200 | B32: KRAFT | C32: 7-14-21 | D32: 200 | E32: 5289.26
A33: KKN240 | B33: KRAFT | C33: 7-14-21 | D33: 240 | E33: 5026
A34: KKN280 | B34: KRAFT 280 | C34: 7-14-21 | D34: 280 | E34: 7004
A35: KKP110 | B35: KRAFT 110g PLASTIFICADO (15g) | C35: 7-14-21 | D35: 130 | E35: =E36 -> 7969.15
A36: KKP125 | B36: KKN125(125g) + Plastif(15g) | C36: 7-14-21 | D36: 145 | E36: 7969.15
A37: MEN 190 | B37: MIOLO ESPECIAL 190 | C37: 7-14-21 | D37: 190 | E37: 3017 | G37: Variação de 0,58%
A38: MEN 350 | B38: MIOLO 350 GRAMAS ESPECIAL | C38: 7-14-21 | D38: 350 | E38: 3356.52
A39: MEN150 | B39: MIOLO RECICLADO | C39: 7-14-21 | D39: 150 | E39: 2960
A40: MEN165 | B40: MIOLO RECICLADO | C40: 7-14-21 | D40: 165 | E40: 3356.52
A41: MK 110 | D41: 110 | E41: =E56 -> 4161.94
A42: MNN100 | B42: MIOLO RECICLADO | C42: 7-14-21 | D42: 100 | E42: 3356.52
A43: MNN110 | B43: MIOLO RECICLADO | C43: 7-14-21 | D43: 110 | E43: 2639
A44: MNN120 | B44: MIOLO RECICLADO | C44: 7-14-21 | D44: 125 | E44: 3356.52
A45: MNN130 | B45: MIOLO RECICLADO | C45: 7-14-21 | D45: 135 | E45: 3356.52
A46: MNN140 | B46: MIOLO RECICLADO | C46: 7-14-21 | D46: 140 | E46: 3356.52
A47: MS 130 | B47: MIOLO SIZE | D47: 130 | E47: 3356.52
A48: MT 100 | C48: 7-14-21 | D48: 100 | E48: =E56 -> 4161.94
A49: MT080 | C49: 7-14-21 | D49: 80 | E49: =E48 -> 4161.94
A50: MT110 | C50: 7-14-21 | D50: 110 | E50: =E49 -> 4161.94
A51: MT120 | C51: 7-14-21 | D51: 120 | E51: =E50 -> 4161.94
A52: MT140 | C52: 7-14-21 | D52: 140 | E52: =E51 -> 4161.94
A53: MT160 | D53: 160 | E53: =E52 -> 4161.94
A54: MT185 | C54: 7-14-21 | D54: 185
A55: MTP120 | C55: 7-14-21 | D55: 140 | E55: =E54 -> 0
A56: TL125 | B56: Testliner de 125g | C56: 7-14-21 | D56: 125 | E56: 4161.94
A57: TL180 | B57: TESTLINER180 | D57: 180 | E57: =E56 -> 4161.94
A58: TTL120 | B58: TEST LINER - JBS | C58: 20-40-60 | D58: 120 | E58: =E57 -> 4161.94
A59: KKPT125 | D59: 125 | E59: =7.96915*1000 -> 7969.15
E65: 4.16194 | F65: =E65*1000 -> 4161.94

Sheet Agosto-2024
A1: Papel | B1: Descrição | C1: Grupo | D1: Gramatura (g/m²) | E1: Custo ($/t)|Valor REAL
A2: 0 | B2: OUTROS | C2: 20-40-60 | D2: 1 | E2: 1
A3: BRN 056 | B3: BRANCO 56G/M² | C3: 7-14-21 | D3: 50 | E3: 6499 | G3: 6.36 | H3: =G3*1000 -> 6360
A4: BRN075 | B4: BRANCO 70g | D4: 75 | E4: =E3 -> 6499
A5: BRN075 | B5: BRANCO 75g | D5: 75 | E5: =E3 -> 6499
A6: BRN100 | C6: 7-14-21 | D6: 100 | E6: 0
A7: BRN110 | B7: Branco 110 | C7: 7-14-21 | D7: 110 | E7: 2760
A8: BRN120 | B8: BRANCO WTL | C8: 7-14-21 | D8: 120 | E8: 4546 | G8: 5.897 | H8: =G8*1000 -> 5897
A9: BRN130 | B9: BRANCO WTL | C9: 7-14-21 | D9: 120 | E9: 4546
A10: BRN140 | B10: BRANCO WTL | C10: 7-14-21 | D10: 140 | E10: 5394
A11: BRN150 | B11: BRANCO WTL | C11: 7-14-21 | D11: 150 | E11: 4542
A12: BRN175 | B12: BRANCO WTL KLABIN | C12: 7-14-21 | D12: 175 | E12: 4546 | G12: Variação de - 0,87%
A13: BRN180 | B13: BRANCO | C13: 7-14-21 | D13: 175 | E13: 7796
A14: BRN63 | B14: BRANCO | C14: 7-14-21 | D14: 50 | E14: 7154
A15: BRN90 | B15: BRANCO 90G/M² | C15: 20-40-60 | D15: 90 | E15: 5699 | G15: Variação de - 15,97%
A16: CNP190 | B16: COUTING NEOPACK | C16: 20-40-60 | D16: 190 | E16: 7261
A17: KKN 150 | B17: KRAFT 150g | D17: 150 | E17: 5289.26 | G17: Variação de - 1,79%
A18: KKN 375 | B18: PAPEL KRAFT 375G | C18: 7-14-21 | D18: 375 | E18: 5041
A19: KKN080 | B19: KRAFT P/ ACOPLAGEM | C19: 7-14-21 | D19: 80 | E19: 5747
A20: KKN90 | B20: KRAFT | C20: 7-14-21 | D20: 100 | E20: 4212
A21: KKN100 | B21: KRAFT | C21: 7-14-21 | D21: 100 | E21: 5289.26
A22: KKN110 | B22: KRAFT | C22: 7-14-21 | D22: 115 | E22: 3877
A23: KKN125 | B23: KRAFT | C23: 7-14-21 | D23: 125 | E23: 4434 | G23: =E23/1000 -> 4.434
A24: KKN130 | B24: KRAFT | C24: 7-14-21 | D24: 125 | E24: 5190
A25: KKN140 | B25: KRAFT | C25: 7-14-21 | D25: 140 | E25: 4179
A26: KKN155 | B26: KRAFT 155 | D26: 155 | E26: 5289.26
A27: KKN160 | B27: KRAFT NORMAL 160g | C27: 7-14-21 | D27: 170 | E27: 4902
A28: KKN170 | B28: KRAFT NORMAL 170G | C28: 7-14-21 | D28: 180 | E28: 5289.26
A29: KKN175 | B29: KRAFT | C29: 7-14-21 | D29: 185 | E29: 5230
A30: KKN185 | B30: KRAFT | C30: 7-14-21 | D30: 185 | E30: 5121
A31: KKN190 | B31: KRAFT | C31: 7-14-21 | D31: 200 | E31: 5289.26
A32: KKN200 | B32: KRAFT | C32: 7-14-21 | D32: 200 | E32: 5289.26
A33: KKN240 | B33: KRAFT | C33: 7-14-21 | D33: 240 | E33: 5026
A34: KKN280 | B34: KRAFT 280 | C34: 7-14-21 | D34: 280 | E34: 7004
A35: KKP110 | B35: KRAFT 110g PLASTIFICADO (15g) | C35: 7-14-21 | D35: 130 | E35: =E36 -> 8295
A36: KKP125 | B36: KKN125(125g) + Plastif(15g) | C36: 7-14-21 | D36: 145 | E36: 8295
A37: MEN 190 | B37: MIOLO ESPECIAL 190 | C37: 7-14-21 | D37: 190 | E37: 3322 | G37: Variação de 0,58%
A38: MEN 350 | B38: MIOLO 350 GRAMAS ESPECIAL | C38: 7-14-21 | D38: 350 | E38: 3356.52
A39: MEN150 | B39: MIOLO RECICLADO | C39: 7-14-21 | D39: 150 | E39: 3114
A40: MEN165 | B40: MIOLO RECICLADO | C40: 7-14-21 | D40: 165 | E40: 3356.52
A41: MK 110 | D41: 110 | E41: =E56 -> 4161.94
A42: MNN100 | B42: MIOLO RECICLADO | C42: 7-14-21 | D42: 100 | E42: 3356.52
A43: MNN110 | B43: MIOLO RECICLADO | C43: 7-14-21 | D43: 110 | E43: 2851
A44: MNN120 | B44: MIOLO RECICLADO | C44: 7-14-21 | D44: 125 | E44: 3356.52
A45: MNN130 | B45: MIOLO RECICLADO | C45: 7-14-21 | D45: 135 | E45: 3356.52
A46: MNN140 | B46: MIOLO RECICLADO | C46: 7-14-21 | D46: 140 | E46: 3356.52
A47: MS 130 | B47: MIOLO SIZE | D47: 130 | E47: 3356.52
A48: MT 100 | C48: 7-14-21 | D48: 100 | E48: =E56 -> 4161.94
A49: MT080 | C49: 7-14-21 | D49: 80 | E49: =E48 -> 4161.94
A50: MT110 | C50: 7-14-21 | D50: 110 | E50: =E49 -> 4161.94
A51: MT120 | C51: 7-14-21 | D51: 120 | E51: =E50 -> 4161.94
A52: MT140 | C52: 7-14-21 | D52: 140 | E52: =E51 -> 4161.94
A53: MT160 | D53: 160 | E53: =E52 -> 4161.94
A54: MT185 | C54: 7-14-21 | D54: 185
A55: MTP120 | C55: 7-14-21 | D55: 140 | E55: =E54 -> 0
A56: TL125 | B56: Testliner de 125g | C56: 7-14-21 | D56: 125 | E56: 4161.94
A57: TL180 | B57: TESTLINER180 | D57: 180 | E57: =E56 -> 4161.94
A58: TTL120 | B58: TEST LINER - JBS | C58: 20-40-60 | D58: 120 | E58: =E57 -> 4161.94
A59: KKPT125 | D59: 125 | E59: =8.295*1000 -> 8295
A60: KKN120 BO | B60: kraft 125 | D60: 120 | E60: 4434
A61: KKN126 | E61: 4866.7
A62: KKN 090 | E62: 4866.7
A63: CKP220
A64: KKN 300 | E64: 5157.72
A65: CNP150 | E65: 5289.26
A66: KKN160WR | E66: 4866.7
A67: KKN120 WR | E67: 4866.7
A68: CKF190 | E68: 7220.34
A69: CNP200 | E69: 7220.34
A70: CNP205 | E70: 7261
A71: MT110 FTP | E71: 4162
A72: CKF227 | E72: 7220.34
A73: MNN 135 | E73: 3103.58
A74: KKN075 | E74: 5075
A75: MNN 090 | E75: 3103.58
... A81: MT 090 FTP | E81: 4162

Sheet Setembro-2024
A1: Papel | B1: Descrição | C1: Grupo | D1: Gramatura (g/m²) | E1: Custo ($/t)|Valor REAL
A2: 0 | B2: OUTROS | C2: 20-40-60 | D2: 1 | E2: 1
A3: BRN 056 | B3: BRANCO 56G/M² | C3: 7-14-21 | D3: 50 | E3: 6499 | G3: 6.36 | H3: =G3*1000 -> 6360
A4: BRN075 | B4: BRANCO 70g | D4: 75 | E4: =E3 -> 6499
A5: BRN100 | C5: 7-14-21 | D5: 100 | E5: =4.522*1000 -> 4522
A6: BRN110 | B6: Branco 110 | C6: 7-14-21 | D6: 110 | E6: 2760
A7: BRN120 | B7: BRANCO WTL | C7: 7-14-21 | D7: 120 | E7: 4479 | G7: 5.897 | H7: =G7*1000 -> 5897
A8: BRN130 | B8: BRANCO WTL | C8: 7-14-21 | D8: 120 | E8: 4479
A9: BRN140 | B9: BRANCO WTL | C9: 7-14-21 | D9: 140 | E9: 5394
A10: BRN150 | B10: BRANCO WTL | C10: 7-14-21 | D10: 150 | E10: 4413
A11: BRN175 | B11: BRANCO WTL KLABIN | C11: 7-14-21 | D11: 175 | E11: 4452 | G11: Variação de - 0,87%
A12: BRN180 | B12: BRANCO | C12: 7-14-21 | D12: 175 | E12: 7796
A13: BRN63 | B13: BRANCO | C13: 7-14-21 | D13: 50 | E13: 7154
A14: BRN90 | B14: BRANCO 90G/M² | C14: 20-40-60 | D14: 90 | E14: 5699 | G14: Variação de - 15,97%
A15: CNP190 | B15: COUTING NEOPACK | C15: 20-40-60 | D15: 190 | E15: 7261
A16: KKN 150 | B16: KRAFT 150g | D16: 150 | E16: 5289.26 | G16: Variação de - 1,79%
A17: KKN 375 | B17: PAPEL KRAFT 375G | C17: 7-14-21 | D17: 375 | E17: 4955
A18: KKN080 | B18: KRAFT P/ ACOPLAGEM | C18: 7-14-21 | D18: 80 | E18: 5747
A19: KKN90 | B19: KRAFT | C19: 7-14-21 | D19: 100 | E19: 4212
A20: KKN100 | B20: KRAFT | C20: 7-14-21 | D20: 100 | E20: 5289.26
A21: KKN110 | B21: KRAFT | C21: 7-14-21 | D21: 115 | E21: 3877
A22: KKN125 | B22: KRAFT | C22: 7-14-21 | D22: 125 | E22: 4133 | G22: =E22/1000 -> 4.133
A23: KKN130 | B23: KRAFT | C23: 7-14-21 | D23: 125 | E23: 5190
A24: KKN140 | B24: KRAFT | C24: 7-14-21 | D24: 140 | E24: 4179
A25: KKN155 | B25: KRAFT 155 | D25: 155 | E25: 5289.26
A26: KKN160 | B26: KRAFT NORMAL 160g | C26: 7-14-21 | D26: 170 | E26: 4902
A27: KKN170 | B27: KRAFT NORMAL 170G | C27: 7-14-21 | D27: 180 | E27: 5289.26
A28: KKN175 | B28: KRAFT | C28: 7-14-21 | D28: 185 | E28: 5230
A29: KKN185 | B29: KRAFT | C29: 7-14-21 | D29: 185 | E29: 5054
A30: KKN190 | B30: KRAFT | C30: 7-14-21 | D30: 200 | E30: 5289.26
A31: KKN200 | B31: KRAFT | C31: 7-14-21 | D31: 200 | E31: 5289.26
A32: KKN240 | B32: KRAFT | C32: 7-14-21 | D32: 240 | E32: 5026
A33: KKN280 | B33: KRAFT 280 | C33: 7-14-21 | D33: 280 | E33: 7004
A34: KKP110 | B34: KRAFT 110g PLASTIFICADO (15g) | C34: 7-14-21 | D34: 130 | E34: =E35 -> 7872.17
A35: KKP125 | B35: KKN125(125g) + Plastif(15g) | C35: 7-14-21 | D35: 145 | E35: =E58 -> 7872.17
A36: MEN 190 | B36: MIOLO ESPECIAL 190 | C36: 7-14-21 | D36: 190 | E36: 3355 | G36: Variação de 0,58%
A37: MEN 350 | B37: MIOLO 350 GRAMAS ESPECIAL | C37: 7-14-21 | D37: 350 | E37: 3356.52
A38: MEN150 | B38: MIOLO RECICLADO | C38: 7-14-21 | D38: 150 | E38: 3323
A39: MEN165 | B39: MIOLO RECICLADO | C39: 7-14-21 | D39: 165 | E39: 3356.52
A40: MK 110 | D40: 110 | E40: =E55 -> 4161.94
A41: MNN100 | B41: MIOLO RECICLADO | C41: 7-14-21 | D41: 100 | E41: 3356.52
A42: MNN110 | B42: MIOLO RECICLADO | C42: 7-14-21 | D42: 110 | E42: 2895
A43: MNN120 | B43: MIOLO RECICLADO | C43: 7-14-21 | D43: 125 | E43: 3356.52
A44: MNN130 | B44: MIOLO RECICLADO | C44: 7-14-21 | D44: 135 | E44: 3356.52
A45: MNN140 | B45: MIOLO RECICLADO | C45: 7-14-21 | D45: 140 | E45: 3356.52
A46: MS 130 | B46: MIOLO SIZE | D46: 130 | E46: 3356.52
A47: MT 100 | C47: 7-14-21 | D47: 100 | E47: =E55 -> 4161.94
A48: MT080 | C48: 7-14-21 | D48: 80 | E48: =E47 -> 4161.94
A49: MT110 | C49: 7-14-21 | D49: 110 | E49: =E48 -> 4161.94
A50: MT120 | C50: 7-14-21 | D50: 120 | E50: =E49 -> 4161.94
A51: MT140 | C51: 7-14-21 | D51: 140 | E51: =E50 -> 4161.94
A52: MT160 | D52: 160 | E52: =E51 -> 4161.94
A53: MT185 | C53: 7-14-21 | D53: 185 | E53: =4.162*1000 -> 4162
A54: MTP120 | C54: 7-14-21 | D54: 140 | E54: =E53 -> 4162
A55: TL125 | B55: Testliner de 125g | C55: 7-14-21 | D55: 125 | E55: 4161.94
A56: TL180 | B56: TESTLINER180 | D56: 180 | E56: =E55 -> 4161.94
A57: TTL120 | B57: TEST LINER - JBS | C57: 20-40-60 | D57: 120 | E57: =E56 -> 4161.94
A58: KKPT125 | D58: 125 | E58: =7.87217*1000 -> 7872.17
A59: KKN120 BO | B59: kraft 125 | D59: 120 | E59: 4434
A60: KKN126 | E60: =4.8667*1000 -> 4866.7
A61: KKN 090 | E61: =4.8667*1000 -> 4866.7
A62: CKP220
A63: KKN 300 | E63: =5.15772*1000 -> 5157.72
A64: CNP150 | E64: 5289.26
A65: KKN160WR | E65: =4.8667*1000 -> 4866.7
A66: KKN120 WR | E66: =4.8667*1000 -> 4866.7
A67: CKF190 | E67: =7.22034*1000 -> 7220.34
A68: CNP200 | E68: =7.22034*1000 -> 7220.34
A69: CNP205 | E69: 7261
A70: MT110 FTP | E70: =4.162*1000 -> 4162
A71: CKF227 | E71: =7.22034*1000 -> 7220.34
A72: MNN 135 | E72: =3.10358*1000 -> 3103.58
A73: KKN075 | E73: =5.075*1000 -> 5075
A74: MNN 090 | E74: =3.10358*1000 -> 3103.58
A75: MNN160 WR | E75: =3.10358*1000 -> 3103.58
A76: MNN120 WR | E76: =3.10358*1000 -> 3103.58
A77: KKN150_FTP | E77: 5289.26
A78: MNN100 WR | E78: =3.10358*1000 -> 3103.58
A79: MT120FTP | E79: =4.162*1000 -> 4162
A80: MT 090 FTP | E80: =4.162*1000 -> 4162

Sheet Outubro-2024
A1: Papel | B1: Descrição | C1: Grupo | D1: Gramatura (g/m²) | E1: Custo ($/t)|Valor REAL
A2: 0 | B2: OUTROS | C2: 20-40-60 | D2: 1 | E2: 1
A3: BRN 056 | B3: BRANCO 56G/M² | C3: 7-14-21 | D3: 50 | E3: 7350 | G3: 6.36 | H3: =G3*1000 -> 6360
A4: BRN075 | B4: BRANCO 70g | D4: 75 | E4: 5669
A5: BRN100 | C5: 7-14-21 | D5: 100 | E5: =4.522*1000 -> 4522
A6: BRN110 | B6: Branco 110 | C6: 7-14-21 | D6: 110 | E6: 2760
A7: BRN120 | B7: BRANCO WTL | C7: 7-14-21 | D7: 120 | E7: 4543 | G7: 5.897 | H7: =G7*1000 -> 5897
A8: BRN130 | B8: BRANCO WTL | C8: 7-14-21 | D8: 120 | E8: 4479
A9: BRN140 | B9: BRANCO WTL | C9: 7-14-21 | D9: 140 | E9: 5394
A10: BRN150 | B10: BRANCO WTL | C10: 7-14-21 | D10: 150 | E10: 4543
A11: BRN175 | B11: BRANCO WTL KLABIN | C11: 7-14-21 | D11: 175 | E11: 4543 | G11: Variação de - 0,87%
A12: BRN180 | B12: BRANCO | C12: 7-14-21 | D12: 175 | E12: 7796
A13: BRN63 | B13: BRANCO | C13: 7-14-21 | D13: 50 | E13: 7154
A14: BRN90 | B14: BRANCO 90G/M² | C14: 20-40-60 | D14: 90 | E14: 5699 | G14: Variação de - 15,97%
A15: CNP190 | B15: COUTING NEOPACK | C15: 20-40-60 | D15: 190 | E15: 7261
A16: KKN 150 | B16: KRAFT 150g | D16: 150 | E16: 5289.26 | G16: Variação de - 1,79%
A17: KKN 375 | B17: PAPEL KRAFT 375G | C17: 7-14-21 | D17: 375 | E17: 5164
A18: KKN080 | B18: KRAFT P/ ACOPLAGEM | C18: 7-14-21 | D18: 80 | E18: 5747
A19: KKN90 | B19: KRAFT | C19: 7-14-21 | D19: 100 | E19: 4212
A20: KKN100 | B20: KRAFT | C20: 7-14-21 | D20: 100 | E20: 4294
A21: KKN110 | B21: KRAFT | C21: 7-14-21 | D21: 115 | E21: 3877
A22: KKN125 | B22: KRAFT | C22: 7-14-21 | D22: 125 | E22: 3992 | G22: =E22/1000 -> 3.992
A23: KKN130 | B23: KRAFT | C23: 7-14-21 | D23: 125 | E23: 5190
A24: KKN140 | B24: KRAFT | C24: 7-14-21 | D24: 140 | E24: 4179
A25: KKN155 | B25: KRAFT 155 | D25: 155 | E25: 5289.26
A26: KKN160 | B26: KRAFT NORMAL 160g | C26: 7-14-21 | D26: 170 | E26: 4902
A27: KKN170 | B27: KRAFT NORMAL 170G | C27: 7-14-21 | D27: 180 | E27: 5289.26
A28: KKN175 | B28: KRAFT | C28: 7-14-21 | D28: 185 | E28: 5230
A29: KKN185 | B29: KRAFT | C29: 7-14-21 | D29: 185 | E29: 4791
A30: KKN190 | B30: KRAFT | C30: 7-14-21 | D30: 200 | E30: 5289.26
A31: KKN200 | B31: KRAFT | C31: 7-14-21 | D31: 200 | E31: 5289.26
A32: KKN240 | B32: KRAFT | C32: 7-14-21 | D32: 240 | E32: 5026
A33: KKN280 | B33: KRAFT 280 | C33: 7-14-21 | D33: 280 | E33: 7004
A34: KKP110 | B34: KRAFT 110g PLASTIFICADO (15g) | C34: 7-14-21 | D34: 130 | E34: =E35 -> 8022.34
A35: KKP125 | B35: KKN125(125g) + Plastif(15g) | C35: 7-14-21 | D35: 145 | E35: =8.02234*1000 -> 8022.34
A36: MEN 190 | B36: MIOLO ESPECIAL 190 | C36: 7-14-21 | D36: 190 | E36: 3076 | G36: Variação de 0,58%
A37: MEN 350 | B37: MIOLO 350 GRAMAS ESPECIAL | C37: 7-14-21 | D37: 350 | E37: 3356.52
A38: MEN150 | B38: MIOLO RECICLADO | C38: 7-14-21 | D38: 150 | E38: 3319
A39: MEN165 | B39: MIOLO RECICLADO | C39: 7-14-21 | D39: 165 | E39: 3356.52
A40: MK 110 | D40: 110 | E40: =E55 -> 4161.94
A41: MNN100 | B41: MIOLO RECICLADO | C41: 7-14-21 | D41: 100 | E41: 3356.52
A42: MNN110 | B42: MIOLO RECICLADO | C42: 7-14-21 | D42: 110 | E42: 3185
A43: MNN120 | B43: MIOLO RECICLADO | C43: 7-14-21 | D43: 125 | E43: 3356.52
A44: MNN130 | B44: MIOLO RECICLADO | C44: 7-14-21 | D44: 135 | E44: 3356.52
A45: MNN140 | B45: MIOLO RECICLADO | C45: 7-14-21 | D45: 140 | E45: 3356.52
A46: MS 130 | B46: MIOLO SIZE | D46: 130 | E46: 3356.52
A47: MT 100 | C47: 7-14-21 | D47: 100 | E47: =E55 -> 4161.94
A48: MT080 | C48: 7-14-21 | D48: 80 | E48: =E47 -> 4161.94
A49: MT110 | C49: 7-14-21 | D49: 110 | E49: =E48 -> 4161.94
A50: MT120 | C50: 7-14-21 | D50: 120 | E50: =E49 -> 4161.94
A51: MT140 | C51: 7-14-21 | D51: 140 | E51: =E50 -> 4161.94
A52: MT160 | D52: 160 | E52: =E51 -> 4161.94
A53: MT185 | C53: 7-14-21 | D53: 185 | E53: =4.162*1000 -> 4162
A54: MTP120 | C54: 7-14-21 | D54: 140 | E54: =E53 -> 4162
A55: TL125 | B55: Testliner de 125g | C55: 7-14-21 | D55: 125 | E55: 4161.94
A56: TL180 | B56: TESTLINER180 | D56: 180 | E56: =E55 -> 4161.94
A57: TTL120 | B57: TEST LINER - JBS | C57: 20-40-60 | D57: 120 | E57: =E56 -> 4161.94
A58: KKPT125 | D58: 125 | E58: =8.02234*1000 -> 8022.34
A59: KKN120 BO | B59: kraft 125 | D59: 120 | E59: 4434
A60: KKN126 | E60: =4.8667*1000 -> 4866.7
A61: KKN 090 | E61: =4.8667*1000 -> 4866.7
A62: CKP220
A63: KKN 300 | E63: =5.15772*1000 -> 5157.72
A64: CNP150 | E64: 5289.26
A65: KKN160WR | E65: =4.8667*1000 -> 4866.7
A66: KKN120 WR | E66: =4.8667*1000 -> 4866.7
A67: CKF190 | E67: =7.22034*1000 -> 7220.34
A68: CNP200 | E68: =7.22034*1000 -> 7220.34
A69: CNP205 | E69: 7261
A70: MT110 FTP | E70: =4.162*1000 -> 4162
A71: CKF227 | E71: =7.22034*1000 -> 7220.34
A72: MNN 135 | E72: =3.10358*1000 -> 3103.58
A73: KKN075 | E73: =5.075*1000 -> 5075
A74: MNN 090 | E74: =3.10358*1000 -> 3103.58
A75: MNN160 WR | E75: =3.10358*1000 -> 3103.58
A76: MNN120 WR | E76: =3.10358*1000 -> 3103.58
A77: KKN150_FTP | E77: 5289.26
A78: MNN100 WR | E78: =3.10358*1000 -> 3103.58
A79: MT120FTP | E79: =4.162*1000 -> 4162
A80: MT 090 FTP | E80: =4.162*1000 -> 4162
A81: KKN 105 BO | E81: =4.44361*1000 -> 4443.61
A82: MEN 170 | B82: MIOLO RECICLADO | D82: 170 | E82: 3356.52
A83: KKN186 | E83: =4.44361*1000 -> 4443.61

Sheet Novembro-2024
A1: Papel | B1: Descrição | C1: Grupo | D1: Gramatura (g/m²) | E1: Custo ($/t)|Valor REAL
A2: 0 | B2: OUTROS | C2: 20-40-60 | D2: 1 | E2: 1
A3: BRN 056 | B3: BRANCO 56G/M² | C3: 7-14-21 | D3: 50 | E3: 7350 | G3: 6.36 | H3: =G3*1000 -> 6360
A4: BRN075 | B4: BRANCO 70g | D4: 75 | E4: 5669
A5: BRN100 | C5: 7-14-21 | D5: 100 | E5: =4.522*1000 -> 4522
A6: BRN110 | B6: Branco 110 | C6: 7-14-21 | D6: 110 | E6: 2760
A7: BRN120 | B7: BRANCO WTL | C7: 7-14-21 | D7: 120 | E7: 4740 | G7: 5.897 | H7: =G7*1000 -> 5897
A8: BRN130 | B8: BRANCO WTL | C8: 7-14-21 | D8: 120 | E8: 4740
A9: BRN140 | B9: BRANCO WTL | C9: 7-14-21 | D9: 140 | E9: 5394
A10: BRN150 | B10: BRANCO WTL | C10: 7-14-21 | D10: 150 | E10: 4801
A11: BRN175 | B11: BRANCO WTL KLABIN | C11: 7-14-21 | D11: 175 | E11: 4543 | G11: Variação de - 0,87%
A12: BRN180 | B12: BRANCO | C12: 7-14-21 | D12: 175 | E12: 7796
A13: BRN63 | B13: BRANCO | C13: 7-14-21 | D13: 50 | E13: 7154
A14: BRN90 | B14: BRANCO 90G/M² | C14: 20-40-60 | D14: 90 | E14: 5699 | G14: Variação de - 15,97%
A15: CNP190 | B15: COUTING NEOPACK | C15: 20-40-60 | D15: 190 | E15: 7261
A16: KKN 150 | B16: KRAFT 150g | D16: 150 | E16: 5289.26 | G16: Variação de - 1,79%
A17: KKN 375 | B17: PAPEL KRAFT 375G | C17: 7-14-21 | D17: 375 | E17: 5164
A18: KKN080 | B18: KRAFT P/ ACOPLAGEM | C18: 7-14-21 | D18: 80 | E18: 5747
A19: KKN90 | B19: KRAFT | C19: 7-14-21 | D19: 100 | E19: 4212
A20: KKN100 | B20: KRAFT | C20: 7-14-21 | D20: 100 | E20: 4294
A21: KKN110 | B21: KRAFT | C21: 7-14-21 | D21: 115 | E21: 3877
A22: KKN125 | B22: KRAFT | C22: 7-14-21 | D22: 125 | E22: 3528 | G22: =E22/1000 -> 3.528
A23: KKN130 | B23: KRAFT | C23: 7-14-21 | D23: 125 | E23: 5190
A24: KKN140 | B24: KRAFT | C24: 7-14-21 | D24: 140 | E24: 4179
A25: KKN155 | B25: KRAFT 155 | D25: 155 | E25: 5289.26
A26: KKN160 | B26: KRAFT NORMAL 160g | C26: 7-14-21 | D26: 170 | E26: 4902
A27: KKN170 | B27: KRAFT NORMAL 170G | C27: 7-14-21 | D27: 180 | E27: 5289.26
A28: KKN175 | B28: KRAFT | C28: 7-14-21 | D28: 185 | E28: 5230
A29: KKN185 | B29: KRAFT | C29: 7-14-21 | D29: 185 | E29: 5001
A30: KKN190 | B30: KRAFT | C30: 7-14-21 | D30: 200 | E30: 5289.26
A31: KKN200 | B31: KRAFT | C31: 7-14-21 | D31: 200 | E31: 5289.26
A32: KKN240 | B32: KRAFT | C32: 7-14-21 | D32: 240 | E32: 5026
A33: KKN280 | B33: KRAFT 280 | C33: 7-14-21 | D33: 280 | E33: 7004
A34: KKP110 | B34: KRAFT 110g PLASTIFICADO (15g) | C34: 7-14-21 | D34: 130 | E34: =E35 -> 8018.22
A35: KKP125 | B35: KKN125(125g) + Plastif(15g) | C35: 7-14-21 | D35: 145 | E35: 8018.22
A36: MEN 190 | B36: MIOLO ESPECIAL 190 | C36: 7-14-21 | D36: 190 | E36: 3076 | G36: Variação de 0,58%
A37: MEN 350 | B37: MIOLO 350 GRAMAS ESPECIAL | C37: 7-14-21 | D37: 350 | E37: 3356.52
A38: MEN150 | B38: MIOLO RECICLADO | C38: 7-14-21 | D38: 150 | E38: 3319
A39: MEN165 | B39: MIOLO RECICLADO | C39: 7-14-21 | D39: 165 | E39: 3356.52
A40: MK 110 | D40: 110 | E40: =E55 -> 4161.94
A41: MNN100 | B41: MIOLO RECICLADO | C41: 7-14-21 | D41: 100 | E41: 3356.52
A42: MNN110 | B42: MIOLO RECICLADO | C42: 7-14-21 | D42: 110 | E42: 3338
A43: MNN120 | B43: MIOLO RECICLADO | C43: 7-14-21 | D43: 125 | E43: 3356.52
A44: MNN130 | B44: MIOLO RECICLADO | C44: 7-14-21 | D44: 135 | E44: 3356.52
A45: MNN140 | B45: MIOLO RECICLADO | C45: 7-14-21 | D45: 140 | E45: 3356.52
A46: MS 130 | B46: MIOLO SIZE | D46: 130 | E46: 3356.52
A47: MT 100 | C47: 7-14-21 | D47: 100 | E47: =E55 -> 4161.94
A48: MT080 | C48: 7-14-21 | D48: 80 | E48: =E47 -> 4161.94
A49: MT110 | C49: 7-14-21 | D49: 110 | E49: =E48 -> 4161.94
A50: MT120 | C50: 7-14-21 | D50: 120 | E50: =E49 -> 4161.94
A51: MT140 | C51: 7-14-21 | D51: 140 | E51: =E50 -> 4161.94
A52: MT160 | D52: 160 | E52: =E51 -> 4161.94
A53: MT185 | C53: 7-14-21 | D53: 185 | E53: =4.162*1000 -> 4162
A54: MTP120 | C54: 7-14-21 | D54: 140 | E54: =E53 -> 4162
A55: TL125 | B55: Testliner de 125g | C55: 7-14-21 | D55: 125 | E55: 4161.94
A56: TL180 | B56: TESTLINER180 | D56: 180 | E56: =E55 -> 4161.94
A57: TTL120 | B57: TEST LINER - JBS | C57: 20-40-60 | D57: 120 | E57: =E56 -> 4161.94
A58: KKPT125 | D58: 125 | E58: =8.01822*1000 -> 8018.22
A59: KKN120 BO | B59: kraft 125 | D59: 120 | E59: 4434
A60: KKN126 | E60: =4.8667*1000 -> 4866.7
A61: KKN 090 | E61: =4.8667*1000 -> 4866.7
A62: CKP220
A63: KKN 300 | E63: =5.15772*1000 -> 5157.72
A64: CNP150 | E64: 5289.26
A65: KKN160WR | E65: =4.8667*1000 -> 4866.7
A66: KKN120 WR | E66: =4.8667*1000 -> 4866.7
A67: CKF190 | E67: =7.22034*1000 -> 7220.34
A68: CNP200 | E68: =7.22034*1000 -> 7220.34
A69: CNP205 | E69: 7261
A70: MT110 FTP | E70: =4.162*1000 -> 4162
A71: CKF227 | E71: =7.22034*1000 -> 7220.34
A72: MNN 135 | E72: =3.10358*1000 -> 3103.58
A73: KKN075 | E73: =5.075*1000 -> 5075
A74: MNN 090 | E74: =3.10358*1000 -> 3103.58
A75: MNN160 WR | E75: =3.10358*1000 -> 3103.58
A76: MNN120 WR | E76: =3.10358*1000 -> 3103.58
A77: KKN150_FTP | E77: 5289.26
A78: MNN100 WR | E78: =3.10358*1000 -> 3103.58
A79: MT120FTP | E79: =4.162*1000 -> 4162
A80: MT 090 FTP | E80: =4.162*1000 -> 4162
A81: KKN 105 BO | E81: =4.44361*1000 -> 4443.61
A82: MEN 170 | B82: MIOLO RECICLADO | D82: 170 | E82: 3356.52
A83: KKN186 | E83: =4.44361*1000 -> 4443.61

Sheet Dezembro-2024
A1: Papel | B1: Descrição | C1: Grupo | D1: Gramatura (g/m²) | E1: Custo ($/t)|Valor REAL
A2: 0 | B2: OUTROS | C2: 20-40-60 | D2: 1 | E2: 1
A3: BRN 056 | B3: BRANCO 56G/M² | C3: 7-14-21 | D3: 50 | E3: 7350 | G3: 6.36 | H3: =G3*1000 -> 6360
A4: BRN075 | B4: BRANCO 70g | D4: 75 | E4: 5669
A5: BRN100 | C5: 7-14-21 | D5: 100 | E5: =4.522*1000 -> 4522
A6: BRN110 | B6: Branco 110 | C6: 7-14-21 | D6: 110 | E6: 2760
A7: BRN120 | B7: BRANCO WTL | C7: 7-14-21 | D7: 120 | E7: 4740 | G7: 5.897 | H7: =G7*1000 -> 5897
A8: BRN130 | B8: BRANCO WTL | C8: 7-14-21 | D8: 120 | E8: 4740
A9: BRN140 | B9: BRANCO WTL | C9: 7-14-21 | D9: 140 | E9: 5394
A10: BRN150 | B10: BRANCO WTL | C10: 7-14-21 | D10: 150 | E10: 4801
A11: BRN175 | B11: BRANCO WTL KLABIN | C11: 7-14-21 | D11: 175 | E11: 4543 | G11: Variação de - 0,87%
A12: BRN180 | B12: BRANCO | C12: 7-14-21 | D12: 175 | E12: 7796
A13: BRN63 | B13: BRANCO | C13: 7-14-21 | D13: 50 | E13: 7154
A14: BRN90 | B14: BRANCO 90G/M² | C14: 20-40-60 | D14: 90 | E14: 5699 | G14: Variação de - 15,97%
A15: CNP190 | B15: COUTING NEOPACK | C15: 20-40-60 | D15: 190 | E15: 7261
A16: KKN 150 | B16: KRAFT 150g | D16: 150 | E16: 5289.26 | G16: Variação de - 1,79%
A17: KKN 375 | B17: PAPEL KRAFT 375G | C17: 7-14-21 | D17: 375 | E17: 4944
A18: KKN080 | B18: KRAFT P/ ACOPLAGEM | C18: 7-14-21 | D18: 80 | E18: 5747
A19: KKN90 | B19: KRAFT | C19: 7-14-21 | D19: 100 | E19: 4212
A20: KKN100 | B20: KRAFT | C20: 7-14-21 | D20: 100 | E20: 4294
A21: KKN110 | B21: KRAFT | C21: 7-14-21 | D21: 115 | E21: 3877
A22: KKN125 | B22: KRAFT | C22: 7-14-21 | D22: 125 | E22: 4268 | G22: =E22/1000 -> 4.268
A23: KKN130 | B23: KRAFT | C23: 7-14-21 | D23: 125 | E23: 5190
A24: KKN140 | B24: KRAFT | C24: 7-14-21 | D24: 140 | E24: 4179
A25: KKN155 | B25: KRAFT 155 | D25: 155 | E25: 5289.26
A26: KKN160 | B26: KRAFT NORMAL 160g | C26: 7-14-21 | D26: 170 | E26: 4902
A27: KKN170 | B27: KRAFT NORMAL 170G | C27: 7-14-21 | D27: 180 | E27: 5289.26
A28: KKN175 | B28: KRAFT | C28: 7-14-21 | D28: 185 | E28: 5230
A29: KKN185 | B29: KRAFT | C29: 7-14-21 | D29: 185 | E29: 4577
A30: KKN190 | B30: KRAFT | C30: 7-14-21 | D30: 200 | E30: 5289.26
A31: KKN200 | B31: KRAFT | C31: 7-14-21 | D31: 200 | E31: 5289.26
A32: KKN240 | B32: KRAFT | C32: 7-14-21 | D32: 240 | E32: 5026
A33: KKN280 | B33: KRAFT 280 | C33: 7-14-21 | D33: 280 | E33: 7004
A34: KKP110 | B34: KRAFT 110g PLASTIFICADO (15g) | C34: 7-14-21 | D34: 130 | E34: =E35 -> 7970.818
A35: KKP125 | B35: KKN125(125g) + Plastif(15g) | C35: 7-14-21 | D35: 145 | E35: =7.970818*1000 -> 7970.818
A36: MEN 190 | B36: MIOLO ESPECIAL 190 | C36: 7-14-21 | D36: 190 | E36: 3425 | G36: Variação de 0,58%
A37: MEN 350 | B37: MIOLO 350 GRAMAS ESPECIAL | C37: 7-14-21 | D37: 350 | E37: 3356.52
A38: MEN150 | B38: MIOLO RECICLADO | C38: 7-14-21 | D38: 150 | E38: 3319
A39: MEN165 | B39: MIOLO RECICLADO | C39: 7-14-21 | D39: 165 | E39: 3356.52
A40: MK 110 | D40: 110 | E40: =E55 -> 4161.94
A41: MNN100 | B41: MIOLO RECICLADO | C41: 7-14-21 | D41: 100 | E41: 3356.52
A42: MNN110 | B42: MIOLO RECICLADO | C42: 7-14-21 | D42: 110 | E42: 3147
A43: MNN120 | B43: MIOLO RECICLADO | C43: 7-14-21 | D43: 125 | E43: 3356.52
A44: MNN130 | B44: MIOLO RECICLADO | C44: 7-14-21 | D44: 135 | E44: 3356.52
A45: MNN140 | B45: MIOLO RECICLADO | C45: 7-14-21 | D45: 140 | E45: 3356.52
A46: MS 130 | B46: MIOLO SIZE | D46: 130 | E46: 3356.52
A47: MT 100 | C47: 7-14-21 | D47: 100 | E47: =E55 -> 4161.94
A48: MT080 | C48: 7-14-21 | D48: 80 | E48: =E47 -> 4161.94
A49: MT110 | C49: 7-14-21 | D49: 110 | E49: =E48 -> 4161.94
A50: MT120 | C50: 7-14-21 | D50: 120 | E50: =E49 -> 4161.94
A51: MT140 | C51: 7-14-21 | D51: 140 | E51: =E50 -> 4161.94
A52: MT160 | D52: 160 | E52: =E51 -> 4161.94
A53: MT185 | C53: 7-14-21 | D53: 185 | E53: =4.162*1000 -> 4162
A54: MTP120 | C54: 7-14-21 | D54: 140 | E54: =E53 -> 4162
A55: TL125 | B55: Testliner de 125g | C55: 7-14-21 | D55: 125 | E55: 4161.94
A56: TL180 | B56: TESTLINER180 | D56: 180 | E56: =E55 -> 4161.94
A57: TTL120 | B57: TEST LINER - JBS | C57: 20-40-60 | D57: 120 | E57: =E56 -> 4161.94
A58: KKPT125 | D58: 125 | E58: =7.970818*1000 -> 7970.818
A59: KKN120 BO | B59: kraft 125 | D59: 120 | E59: 4434
A60: KKN126 | E60: =4.8667*1000 -> 4866.7
A61: KKN 090 | E61: =4.8667*1000 -> 4866.7
A62: CKP220
A63: KKN 300 | E63: =5.15772*1000 -> 5157.72
A64: CNP150 | E64: 5289.26
A65: KKN160WR | E65: =4.8667*1000 -> 4866.7
A66: KKN120 WR | E66: =4.8667*1000 -> 4866.7
A67: CKF190 | E67: =7.22034*1000 -> 7220.34
A68: CNP200 | E68: =7.22034*1000 -> 7220.34
A69: CNP205 | E69: 7261
A70: MT110 FTP | E70: =4.162*1000 -> 4162
A71: CKF227 | E71: =7.22034*1000 -> 7220.34
A72: MNN 135 | E72: =3.10358*1000 -> 3103.58
A73: KKN075 | E73: =5.075*1000 -> 5075
A74: MNN 090 | E74: =3.10358*1000 -> 3103.58
A75: MNN160 WR | E75: =3.10358*1000 -> 3103.58
A76: MNN120 WR | E76: =3.10358*1000 -> 3103.58
A77: KKN150_FTP | E77: 5289.26
A78: MNN100 WR | E78: =3.10358*1000 -> 3103.58
A79: MT120FTP | E79: =4.162*1000 -> 4162
A80: MT 090 FTP | E80: =4.162*1000 -> 4162
A81: KKN 105 BO | E81: =4.44361*1000 -> 4443.61
A82: MEN 170 | B82: MIOLO RECICLADO | D82: 170 | E82: 3356.52
A83: KKN186 | E83: =4.44361*1000 -> 4443.61

Sheet Janeiro-2025
A1: Papel | B1: Descrição | C1: Grupo | D1: Gramatura (g/m²) | E1: Custo ($/t)|Valor REAL
A2: 0 | B2: OUTROS | C2: 20-40-60 | D2: 1 | E2: 1
A3: BRN 056 | B3: BRANCO 56G/M² | C3: 7-14-21 | D3: 50 | E3: 7350
A4: BRN075 | B4: BRANCO 70g | D4: 75 | E4: 5700
A5: BRN100 | C5: 7-14-21 | D5: 100 | E5: =4.522*1000 -> 4522
A6: BRN110 | B6: Branco 110 | C6: 7-14-21 | D6: 110 | E6: 2760
A7: BRN120 | B7: BRANCO WTL | C7: 7-14-21 | D7: 120 | E7: 4682
A8: BRN130 | B8: BRANCO WTL | C8: 7-14-21 | D8: 120 | E8: 4682
A9: BRN140 | B9: BRANCO WTL | C9: 7-14-21 | D9: 140 | E9: 5394
A10: BRN150 | B10: BRANCO WTL | C10: 7-14-21 | D10: 150 | E10: 4723
A11: BRN175 | B11: BRANCO WTL KLABIN | C11: 7-14-21 | D11: 175 | E11: 4981
A12: BRN180 | B12: BRANCO | C12: 7-14-21 | D12: 175 | E12: 7796
A13: BRN63 | B13: BRANCO | C13: 7-14-21 | D13: 50 | E13: 7154
A14: BRN90 | B14: BRANCO 90G/M² | C14: 20-40-60 | D14: 90 | E14: 5699
A15: CNP190 | B15: COUTING NEOPACK | C15: 20-40-60 | D15: 190 | E15: 6847
A16: KKN 150 | B16: KRAFT 150g | D16: 150 | E16: 3971
A17: KKN 375 | B17: PAPEL KRAFT 375G | C17: 7-14-21 | D17: 375 | E17: 5054
A18: KKN080 | B18: KRAFT P/ ACOPLAGEM | C18: 7-14-21 | D18: 80 | E18: 5747
A19: KKN90 | B19: KRAFT | C19: 7-14-21 | D19: 100 | E19: 4212
A20: KKN100 | B20: KRAFT | C20: 7-14-21 | D20: 100 | E20: 4766
A21: KKN110 | B21: KRAFT | C21: 7-14-21 | D21: 115 | E21: 3877
A22: KKN125 | B22: KRAFT | C22: 7-14-21 | D22: 125 | E22: 4799
A23: KKN130 | B23: KRAFT | C23: 7-14-21 | D23: 125 | E23: 5190
A24: KKN140 | B24: KRAFT | C24: 7-14-21 | D24: 140 | E24: 4549
A25: KKN155 | B25: KRAFT 155 | D25: 155 | E25: 5289.26
A26: KKN160 | B26: KRAFT NORMAL 160g | C26: 7-14-21 | D26: 170 | E26: 4902
A27: KKN170 | B27: KRAFT NORMAL 170G | C27: 7-14-21 | D27: 180 | E27: 4767
A28: KKN175 | B28: KRAFT | C28: 7-14-21 | D28: 185 | E28: 5054
A29: KKN185 | B29: KRAFT | C29: 7-14-21 | D29: 185 | E29: 5054
A30: KKN190 | B30: KRAFT | C30: 7-14-21 | D30: 200 | E30: 4549
A31: KKN200 | B31: KRAFT | C31: 7-14-21 | D31: 200 | E31: 4549
A32: KKN240 | B32: KRAFT | C32: 7-14-21 | D32: 240 | E32: 5026
A33: KKN280 | B33: KRAFT 280 | C33: 7-14-21 | D33: 280 | E33: 7004
A34: KKP110 | B34: KRAFT 110g PLASTIFICADO (15g) | C34: 7-14-21 | D34: 130 | E34: =E35 -> 8438.24
A35: KKP125 | B35: KKN125(125g) + Plastif(15g) | C35: 7-14-21 | D35: 145 | E35: 8438.24
A36: MEN 190 | B36: MIOLO ESPECIAL 190 | C36: 7-14-21 | D36: 190 | E36: 3297
A37: MEN 350 | B37: MIOLO 350 GRAMAS ESPECIAL | C37: 7-14-21 | D37: 350 | E37: 3356.52
A38: MEN150 | B38: MIOLO RECICLADO | C38: 7-14-21 | D38: 150 | E38: 3294
A39: MEN165 | B39: MIOLO RECICLADO | C39: 7-14-21 | D39: 165 | E39: 3356.52
A40: MK 110 | D40: 110 | E40: =E55 -> 4161.94
A41: MNN100 | B41: MIOLO RECICLADO | C41: 7-14-21 | D41: 100 | E41: 3356.52
A42: MNN110 | B42: MIOLO RECICLADO | C42: 7-14-21 | D42: 110 | E42: 3266
A43: MNN120 | B43: MIOLO RECICLADO | C43: 7-14-21 | D43: 125 | E43: 3352
A44: MNN130 | B44: MIOLO RECICLADO | C44: 7-14-21 | D44: 135 | E44: 3356.52
A45: MNN140 | B45: MIOLO RECICLADO | C45: 7-14-21 | D45: 140 | E45: 3356.52
A46: MS 130 | B46: MIOLO SIZE | D46: 130 | E46: 3356.52
A47: MT 100 | C47: 7-14-21 | D47: 100 | E47: =E55 -> 4161.94
A48: MT080 | C48: 7-14-21 | D48: 80 | E48: =E47 -> 4161.94
A49: MT110 | C49: 7-14-21 | D49: 110 | E49: =E48 -> 4161.94
A50: MT120 | C50: 7-14-21 | D50: 120 | E50: =E49 -> 4161.94
A51: MT140 | C51: 7-14-21 | D51: 140 | E51: =E50 -> 4161.94
A52: MT160 | D52: 160 | E52: =E51 -> 4161.94
A53: MT185 | C53: 7-14-21 | D53: 185 | E53: =4.162*1000 -> 4162
A54: MTP120 | C54: 7-14-21 | D54: 140 | E54: =E53 -> 4162
A55: TL125 | B55: Testliner de 125g | C55: 7-14-21 | D55: 125 | E55: 4161.94
A56: TL180 | B56: TESTLINER180 | D56: 180 | E56: =E55 -> 4161.94
A57: TTL120 | B57: TEST LINER - JBS | C57: 20-40-60 | D57: 120 | E57: =E56 -> 4161.94
A58: KKPT125 | D58: 125 | E58: 8438.24
A59: KKN120 BO | B59: kraft 125 | D59: 120 | E59: 4434
A60: KKN126 | E60: =4.8667*1000 -> 4866.7
A61: KKN 090 | E61: =4.8667*1000 -> 4866.7
A62: CKP220
A63: KKN 300 | E63: =5.15772*1000 -> 5157.72
A64: CNP150 | E64: 5289.26
A65: KKN160WR | E65: =4.8667*1000 -> 4866.7
A66: KKN120 WR | E66: =4.8667*1000 -> 4866.7
A67: CKF190 | E67: =7.22034*1000 -> 7220.34
A68: CNP200 | E68: =7.22034*1000 -> 7220.34
A69: CNP205 | E69: 6847
A70: MT110 FTP | E70: =4.162*1000 -> 4162
A71: CKF227 | E71: =7.22034*1000 -> 7220.34
A72: MNN 135 | E72: =3.10358*1000 -> 3103.58
A73: KKN075 | E73: =5.075*1000 -> 5075
A74: MNN 090 | E74: =3.10358*1000 -> 3103.58
A75: MNN160 WR | E75: =3.10358*1000 -> 3103.58
A76: MNN120 WR | E76: =3.10358*1000 -> 3103.58
A77: KKN150_FTP | E77: 5289.26
A78: MNN100 WR | E78: =3.10358*1000 -> 3103.58
A79: MT120FTP | E79: =4.162*1000 -> 4162
A80: MT 090 FTP | E80: =4.162*1000 -> 4162
A81: KKN 105 BO | E81: =4.44361*1000 -> 4443.61
A82: MEN 170 | B82: MIOLO RECICLADO | D82: 170 | E82: 3268
A83: KKN186 | E83: =4.44361*1000 -> 4443.61

Sheet Fevereiro-2025
A1: Papel | B1: Descrição | C1: Grupo | D1: Gramatura (g/m²) | E1: Custo ($/t)|Valor REAL
A2: 0 | B2: OUTROS | C2: 20-40-60 | D2: 1 | E2: 1
A3: BRN 056 | B3: BRANCO 56G/M² | C3: 7-14-21 | D3: 50 | E3: 7350
A4: BRN075 | B4: BRANCO 70g | D4: 75 | E4: 6029
A5: BRN100 | C5: 7-14-21 | D5: 100 | E5: =4.522*1000 -> 4522
A6: BRN110 | B6: Branco 110 | C6: 7-14-21 | D6: 110 | E6: 2760
A7: BRN120 | B7: BRANCO WTL | C7: 7-14-21 | D7: 120 | E7: 4981
A8: BRN130 | B8: BRANCO WTL | C8: 7-14-21 | D8: 120 | E8: 4682
A9: BRN140 | B9: BRANCO WTL | C9: 7-14-21 | D9: 140 | E9: 5394
A10: BRN150 | B10: BRANCO WTL | C10: 7-14-21 | D10: 150 | E10: 4693
A11: BRN175 | B11: BRANCO WTL KLABIN | C11: 7-14-21 | D11: 175 | E11: 5038
A12: BRN180 | B12: BRANCO | C12: 7-14-21 | D12: 175 | E12: 7796
A13: BRN63 | B13: BRANCO | C13: 7-14-21 | D13: 50 | E13: 7154
A14: BRN90 | B14: BRANCO 90G/M² | C14: 20-40-60 | D14: 90 | E14: 6029
A15: CNP190 | B15: COUTING NEOPACK | C15: 20-40-60 | D15: 190 | E15: 6847
A16: KKN 150 | B16: KRAFT 150g | D16: 150 | E16: 3971
A17: KKN 375 | B17: PAPEL KRAFT 375G | C17: 7-14-21 | D17: 375 | E17: 5054
A18: KKN080 | B18: KRAFT P/ ACOPLAGEM | C18: 7-14-21 | D18: 80 | E18: 5747
A19: KKN90 | B19: KRAFT | C19: 7-14-21 | D19: 100 | E19: 4212
A20: KKN100 | B20: KRAFT | C20: 7-14-21 | D20: 100 | E20: 4766
A21: KKN110 | B21: KRAFT | C21: 7-14-21 | D21: 115 | E21: 3877
A22: KKN125 | B22: KRAFT | C22: 7-14-21 | D22: 125 | E22: 4085
A23: KKN130 | B23: KRAFT | C23: 7-14-21 | D23: 125 | E23: 5190
A24: KKN140 | B24: KRAFT | C24: 7-14-21 | D24: 140 | E24: 4766
A25: KKN155 | B25: KRAFT 155 | D25: 155 | E25: 5289.26
A26: KKN160 | B26: KRAFT NORMAL 160g | C26: 7-14-21 | D26: 170 | E26: 4902
A27: KKN170 | B27: KRAFT NORMAL 170G | C27: 7-14-21 | D27: 180 | E27: 4767
A28: KKN175 | B28: KRAFT | C28: 7-14-21 | D28: 185 | E28: 5054
A29: KKN185 | B29: KRAFT | C29: 7-14-21 | D29: 185 | E29: 5054
A30: KKN190 | B30: KRAFT | C30: 7-14-21 | D30: 200 | E30: 4549
A31: KKN200 | B31: KRAFT | C31: 7-14-21 | D31: 200 | E31: 4549
A32: KKN240 | B32: KRAFT | C32: 7-14-21 | D32: 240 | E32: 5026
A33: KKN280 | B33: KRAFT 280 | C33: 7-14-21 | D33: 280 | E33: 7004
A34: KKP110 | B34: KRAFT 110g PLASTIFICADO (15g) | C34: 7-14-21 | D34: 130 | E34: =E35 -> 8185
A35: KKP125 | B35: KKN125(125g) + Plastif(15g) | C35: 7-14-21 | D35: 145 | E35: 8185
A36: MEN 190 | B36: MIOLO ESPECIAL 190 | C36: 7-14-21 | D36: 190 | E36: 3234
A37: MEN 350 | B37: MIOLO 350 GRAMAS ESPECIAL | C37: 7-14-21 | D37: 350 | E37: 3356.52
A38: MEN150 | B38: MIOLO RECICLADO | C38: 7-14-21 | D38: 150 | E38: 3372
A39: MEN165 | B39: MIOLO RECICLADO | C39: 7-14-21 | D39: 165 | E39: 3356.52
A40: MK 110 | D40: 110 | E40: =E55 -> 4161.94
A41: MNN100 | B41: MIOLO RECICLADO | C41: 7-14-21 | D41: 100 | E41: 3356.52
A42: MNN110 | B42: MIOLO RECICLADO | C42: 7-14-21 | D42: 110 | E42: 3218
A43: MNN120 | B43: MIOLO RECICLADO | C43: 7-14-21 | D43: 125 | E43: 3352
A44: MNN130 | B44: MIOLO RECICLADO | C44: 7-14-21 | D44: 135 | E44: 3356.52
A45: MNN140 | B45: MIOLO RECICLADO | C45: 7-14-21 | D45: 140 | E45: 3356.52
A46: MS 130 | B46: MIOLO SIZE | D46: 130 | E46: 3356.52
A47: MT 100 | C47: 7-14-21 | D47: 100 | E47: =E55 -> 4161.94
A48: MT080 | C48: 7-14-21 | D48: 80 | E48: =E47 -> 4161.94
A49: MT110 | C49: 7-14-21 | D49: 110 | E49: =E48 -> 4161.94
A50: MT120 | C50: 7-14-21 | D50: 120 | E50: =E49 -> 4161.94
A51: MT140 | C51: 7-14-21 | D51: 140 | E51: =E50 -> 4161.94
A52: MT160 | D52: 160 | E52: =E51 -> 4161.94
A53: MT185 | C53: 7-14-21 | D53: 185 | E53: =4.162*1000 -> 4162
A54: MTP120 | C54: 7-14-21 | D54: 140 | E54: =E53 -> 4162
A55: TL125 | B55: Testliner de 125g | C55: 7-14-21 | D55: 125 | E55: 4161.94
A56: TL180 | B56: TESTLINER180 | D56: 180 | E56: =E55 -> 4161.94
A57: TTL120 | B57: TEST LINER - JBS | C57: 20-40-60 | D57: 120 | E57: =E56 -> 4161.94
A58: KKPT125 | D58: 125 | E58: 9960
A59: KKN120 BO | B59: kraft 125 | D59: 120 | E59: 4434
A60: KKN126 | E60: =4.8667*1000 -> 4866.7
A61: KKN 090 | E61: =4.8667*1000 -> 4866.7
A62: CKP220
A63: KKN 300 | E63: =5.15772*1000 -> 5157.72
A64: CNP150 | E64: 5289.26
A65: KKN160WR | E65: =4.8667*1000 -> 4866.7
A66: KKN120 WR | E66: =4.8667*1000 -> 4866.7
A67: CKF190 | E67: =7.22034*1000 -> 7220.34
A68: CNP200 | E68: =7.22034*1000 -> 7220.34
A69: CNP205 | E69: 6847
A70: MT110 FTP | E70: =4.162*1000 -> 4162
A71: CKF227 | E71: =7.22034*1000 -> 7220.34
A72: MNN 135 | E72: =3.10358*1000 -> 3103.58
A73: KKN075 | E73: =5.075*1000 -> 5075
A74: MNN 090 | E74: =3.10358*1000 -> 3103.58
A75: MNN160 WR | E75: =3.10358*1000 -> 3103.58
A76: MNN120 WR | E76: =3.10358*1000 -> 3103.58
A77: KKN150_FTP | E77: 5289.26
A78: MNN100 WR | E78: =3.10358*1000 -> 3103.58
A79: MT120FTP | E79: =4.162*1000 -> 4162
A80: MT 090 FTP | E80: =4.162*1000 -> 4162
A81: KKN 105 BO | E81: =4.44361*1000 -> 4443.61
A82: MEN 170 | B82: MIOLO RECICLADO | D82: 170 | E82: 3268
A83: KKN186 | E83: =4.44361*1000 -> 4443.61

Sheet Março-2025
A1: Papel | B1: Descrição | C1: Grupo | D1: Gramatura (g/m²) | E1: Custo ($/t)|Valor REAL | I1: Custo ($/t)|Valor REAL
A2: 0 | B2: OUTROS | C2: 20-40-60 | D2: 1 | E2: 1
A3: BRN 056 | B3: BRANCO 56G/M² | C3: 7-14-21 | D3: 50 | E3: 7350 | G3: 7.35 | H3: =G3*1000 -> 7350 | I3: =H3-E3 -> 0
A4: BRN075 | B4: BRANCO 70g | D4: 75 | E4: 6029 | G4: 6.029 | H4: =G4*1000 -> 6029 | I4: =H4-E4 -> 0
A5: BRN100 | C5: 7-14-21 | D5: 100 | E5: =4.522*1000 -> 4522 | G5: 0 | H5: =G5*1000 -> 0 | I5: =H5-E5 -> -4522
A6: BRN110 | B6: Branco 110 | C6: 7-14-21 | D6: 110 | E6: 2760 | G6: 0 | H6: =G6*1000 -> 0 | I6: =H6-E6 -> -2760
A7: BRN120 | B7: BRANCO WTL | C7: 7-14-21 | D7: 120 | E7: 4800 | G7: 5.083 | H7: =G7*1000 -> 5083 | I7: =H7-E7 -> 283
A8: BRN130 | B8: BRANCO WTL | C8: 7-14-21 | D8: 120 | E8: 4682 | G8: 0 | H8: =G8*1000 -> 0 | I8: =H8-E8 -> -4682
A9: BRN140 | B9: BRANCO WTL | C9: 7-14-21 | D9: 140 | E9: 5394 | G9: 0 | H9: =G9*1000 -> 0 | I9: =H9-E9 -> -5394
A10: BRN150 | B10: BRANCO WTL | C10: 7-14-21 | D10: 150 | E10: 5089 | G10: 4.946 | H10: =G10*1000 -> 4946 | I10: =H10-E10 -> -143
A11: BRN175 | B11: BRANCO WTL KLABIN | C11: 7-14-21 | D11: 175 | E11: 5008 | G11: 6.029 | H11: =G11*1000 -> 6029 | I11: =H11-E11 -> 1021
A12: BRN180 | B12: BRANCO | C12: 7-14-21 | D12: 175 | E12: 7796 | G12: 0 | H12: =G12*1000 -> 0 | I12: =H12-E12 -> -7796
A13: BRN63 | B13: BRANCO | C13: 7-14-21 | D13: 50 | E13: 7154 | G13: 0 | H13: =G13*1000 -> 0 | I13: =H13-E13 -> -7154
A14: BRN90 | B14: BRANCO 90G/M² | C14: 20-40-60 | D14: 90 | E14: 6029 | G14: 6.029 | H14: =G14*1000 -> 6029 | I14: =H14-E14 -> 0
A15: CNP190 | B15: COUTING NEOPACK | C15: 20-40-60 | D15: 190 | E15: 6847 | G15: 13.694 | H15: =G15*1000/2 -> 6847 | I15: =H15-E15 -> 0
A16: KKN 150 | B16: KRAFT 150g | D16: 150 | E16: 3971 | G16: 3.971 | H16: =G16*1000 -> 3971 | I16: =H16-E16 -> 0
A17: KKN 375 | B17: PAPEL KRAFT 375G | C17: 7-14-21 | D17: 375 | E17: 5054 | G17: 5.054 | H17: =G17*1000 -> 5054 | I17: =H17-E17 -> 0
A18: KKN080 | B18: KRAFT P/ ACOPLAGEM | C18: 7-14-21 | D18: 80 | E18: 5747 | G18: 0 | H18: =G18*1000 -> 0 | I18: =H18-E18 -> -5747
A19: KKN90 | B19: KRAFT | C19: 7-14-21 | D19: 100 | E19: 4212 | G19: 0 | H19: =G19*1000 -> 0 | I19: =H19-E19 -> -4212
A20: KKN100 | B20: KRAFT | C20: 7-14-21 | D20: 100 | E20: 4766 | G20: 4.766 | H20: =G20*1000 -> 4766 | I20: =H20-E20 -> 0
A21: KKN110 | B21: KRAFT | C21: 7-14-21 | D21: 115 | E21: 3877 | G21: 0 | H21: =G21*1000 -> 0 | I21: =H21-E21 -> -3877
A22: KKN125 | B22: KRAFT | C22: 7-14-21 | D22: 125 | E22: 4034 | G22: 4.612 | H22: =G22*1000 -> 4612 | I22: =H22-E22 -> 578
A23: KKN130 | B23: KRAFT | C23: 7-14-21 | D23: 125 | E23: 5190 | G23: 0 | H23: =G23*1000 -> 0 | I23: =H23-E23 -> -5190
A24: KKN140 | B24: KRAFT | C24: 7-14-21 | D24: 140 | E24: 4766 | G24: 4.766 | H24: =G24*1000 -> 4766 | I24: =H24-E24 -> 0
A25: KKN155 | B25: KRAFT 155 | D25: 155 | E25: 5289.26 | G25: 0 | H25: =G25*1000 -> 0 | I25: =H25-E25 -> -5289.26
A26: KKN160 | B26: KRAFT NORMAL 160g | C26: 7-14-21 | D26: 170 | E26: 4902 | G26: 0 | H26: =G26*1000 -> 0 | I26: =H26-E26 -> -4902
A27: KKN170 | B27: KRAFT NORMAL 170G | C27: 7-14-21 | D27: 180 | E27: 4767 | G27: 4.767 | H27: =G27*1000 -> 4767 | I27: =H27-E27 -> 0
A28: KKN175 | B28: KRAFT | C28: 7-14-21 | D28: 185 | E28: 5054 | G28: 4.35 | H28: =G28*1000 -> 4350 | I28: =H28-E28 -> -704
A29: KKN185 | B29: KRAFT | C29: 7-14-21 | D29: 185 | E29: 5054 | G29: 0 | H29: =G29*1000 -> 0 | I29: =H29-E29 -> -5054
A30: KKN190 | B30: KRAFT | C30: 7-14-21 | D30: 200 | E30: 4549 | G30: 0 | H30: =G30*1000 -> 0 | I30: =H30-E30 -> -4549
A31: KKN200 | B31: KRAFT | C31: 7-14-21 | D31: 200 | E31: 4549 | G31: 4.549 | H31: =G31*1000 -> 4549 | I31: =H31-E31 -> 0
A32: KKN240 | B32: KRAFT | C32: 7-14-21 | D32: 240 | E32: 5026 | G32: 0 | H32: =G32*1000 -> 0 | I32: =H32-E32 -> -5026
A33: KKN280 | B33: KRAFT 280 | C33: 7-14-21 | D33: 280 | E33: 7004 | G33: 0 | H33: =G33*1000 -> 0 | I33: =H33-E33 -> -7004
A34: KKP110 | B34: KRAFT 110g PLASTIFICADO (15g) | C34: 7-14-21 | D34: 130 | E34: =E35 -> 8185 | G34: 0 | H34: =G34*1000 -> 0 | I34: =H34-E34 -> -8185
A35: KKP125 | B35: KKN125(125g) + Plastif(15g) | C35: 7-14-21 | D35: 145 | E35: 8185 | G35: 8.185 | H35: =G35*1000 -> 8185 | I35: =H35-E35 -> 0
A36: MEN 190 | B36: MIOLO ESPECIAL 190 | C36: 7-14-21 | D36: 190 | E36: 3339 | G36: 3.506 | H36: =G36*1000 -> 3506 | I36: =H36-E36 -> 167
A37: MEN 350 | B37: MIOLO 350 GRAMAS ESPECIAL | C37: 7-14-21 | D37: 350 | E37: 3356.52 | G37: 0 | H37: =G37*1000 -> 0 | I37: =H37-E37 -> -3356.52
A38: MEN150 | B38: MIOLO RECICLADO | C38: 7-14-21 | D38: 150 | E38: 3378 | G38: 3.478 | H38: =G38*1000 -> 3478 | I38: =H38-E38 -> 100
A39: MEN165 | B39: MIOLO RECICLADO | C39: 7-14-21 | D39: 165 | E39: 3356.52 | G39: 0 | H39: =G39*1000 -> 0 | I39: =H39-E39 -> -3356.52
A40: MK 110 | D40: 110 | E40: =E55 -> 4161.94 | G40: 0 | H40: =G40*1000 -> 0 | I40: =H40-E40 -> -4161.94
A41: MNN100 | B41: MIOLO RECICLADO | C41: 7-14-21 | D41: 100 | E41: 3101 | G41: 3.101 | H41: =G41*1000 -> 3101 | I41: =H41-E41 -> 0
A42: MNN110 | B42: MIOLO RECICLADO | C42: 7-14-21 | D42: 110 | E42: 3266 | G42: 3.35 | H42: =G42*1000 -> 3350 | I42: =H42-E42 -> 84
A43: MNN120 | B43: MIOLO RECICLADO | C43: 7-14-21 | D43: 125 | E43: 3352 | G43: 3.352 | H43: =G43*1000 -> 3352 | I43: =H43-E43 -> 0
A44: MNN130 | B44: MIOLO RECICLADO | C44: 7-14-21 | D44: 135 | E44: 3356.52 | G44: 0 | H44: =G44*1000 -> 0 | I44: =H44-E44 -> -3356.52
A45: MNN140 | B45: MIOLO RECICLADO | C45: 7-14-21 | D45: 140 | E45: 3356.52 | G45: 0 | H45: =G45*1000 -> 0 | I45: =H45-E45 -> -3356.52
A46: MS 130 | B46: MIOLO SIZE | D46: 130 | E46: 3356.52 | G46: 0 | H46: =G46*1000 -> 0 | I46: =H46-E46 -> -3356.52
A47: MT 100 | C47: 7-14-21 | D47: 100 | E47: =E55 -> 4161.94 | G47: 0 | H47: =G47*1000 -> 0 | I47: =H47-E47 -> -4161.94
A48: MT080 | C48: 7-14-21 | D48: 80 | E48: =E47 -> 4161.94 | G48: 0 | H48: =G48*1000 -> 0 | I48: =H48-E48 -> -4161.94
A49: MT110 | C49: 7-14-21 | D49: 110 | E49: =E48 -> 4161.94 | G49: 0 | H49: =G49*1000 -> 0 | I49: =H49-E49 -> -4161.94
A50: MT120 | C50: 7-14-21 | D50: 120 | E50: =E49 -> 4161.94 | G50: 0 | H50: =G50*1000 -> 0 | I50: =H50-E50 -> -4161.94
A51: MT140 | C51: 7-14-21 | D51: 140 | E51: =E50 -> 4161.94 | G51: 0 | H51: =G51*1000 -> 0 | I51: =H51-E51 -> -4161.94
A52: MT160 | D52: 160 | E52: =E51 -> 4161.94 | G52: 0 | H52: =G52*1000 -> 0 | I52: =H52-E52 -> -4161.94
A53: MT185 | C53: 7-14-21 | D53: 185 | E53: =4.162*1000 -> 4162 | G53: 0 | H53: =G53*1000 -> 0 | I53: =H53-E53 -> -4162
A54: MTP120 | C54: 7-14-21 | D54: 140 | E54: =E53 -> 4162 | G54: 0 | H54: =G54*1000 -> 0 | I54: =H54-E54 -> -4162
A55: TL125 | B55: Testliner de 125g | C55: 7-14-21 | D55: 125 | E55: 4161.94 | G55: 0 | H55: =G55*1000 -> 0 | I55: =H55-E55 -> -4161.94
A56: TL180 | B56: TESTLINER180 | D56: 180 | E56: =E55 -> 4161.94 | G56: 0 | H56: =G56*1000 -> 0 | I56: =H56-E56 -> -4161.94
A57: TTL120 | B57: TEST LINER - JBS | C57: 20-40-60 | D57: 120 | E57: =E56 -> 4161.94 | G57: 0 | H57: =G57*1000 -> 0 | I57: =H57-E57 -> -4161.94
A58: KKPT125 | D58: 125 | E58: 9960 | G58: 9.96 | H58: =G58*1000 -> 9960 | I58: =H58-E58 -> 0
A59: KKN120 BO | B59: kraft 125 | D59: 120 | E59: 4434 | G59: 0 | H59: =G59*1000 -> 0 | I59: =H59-E59 -> -4434
A60: KKN126 | D60: 126 | E60: 4085 | G60: 0 | H60: =G60*1000 -> 0 | I60: =H60-E60 -> -4085
A61: KKN 090 | D61: 90 | E61: =4.8667*1000 -> 4866.7 | G61: 0 | H61: =G61*1000 -> 0 | I61: =H61-E61 -> -4866.7
A62: CKP220 | D62: 220 | G62: 0 | H62: =G62*1000 -> 0 | I62: =H62-E62 -> 0
A63: KKN 300 | D63: 300 | E63: 5435 | G63: 5.435 | H63: =G63*1000 -> 5435 | I63: =H63-E63 -> 0
A64: CNP150 | D64: 150 | E64: 5289.26 | G64: 0 | H64: =G64*1000 -> 0 | I64: =H64-E64 -> -5289.26
A65: KKN160WR | D65: 160 | E65: =4.8667*1000 -> 4866.7 | G65: 0 | H65: =G65*1000 -> 0 | I65: =H65-E65 -> -4866.7
A66: KKN120 WR | D66: 120 | E66: =4.8667*1000 -> 4866.7 | G66: 0 | H66: =G66*1000 -> 0 | I66: =H66-E66 -> -4866.7
A67: CKF190 | D67: 190 | E67: =7.22034*1000 -> 7220.34 | G67: 0 | H67: =G67*1000 -> 0 | I67: =H67-E67 -> -7220.34
A68: CNP200 | D68: 200 | E68: =7.22034*1000 -> 7220.34 | G68: 0 | H68: =G68*1000 -> 0 | I68: =H68-E68 -> -7220.34
A69: CNP205 | D69: 205 | E69: 6847 | G69: 0 | H69: =G69*1000 -> 0 | I69: =H69-E69 -> -6847
A70: MT110 FTP | D70: 110 | E70: =4.162*1000 -> 4162 | G70: 0 | H70: =G70*1000 -> 0 | I70: =H70-E70 -> -4162
A71: CKF227 | D71: 227 | E71: =7.22034*1000 -> 7220.34 | G71: 0 | H71: =G71*1000 -> 0 | I71: =H71-E71 -> -7220.34
A72: MNN 135 | D72: 135 | E72: =3.10358*1000 -> 3103.58 | G72: 0 | H72: =G72*1000 -> 0 | I72: =H72-E72 -> -3103.58
A73: KKN075 | D73: 75 | E73: =5.075*1000 -> 5075 | G73: 0 | H73: =G73*1000 -> 0 | I73: =H73-E73 -> -5075
A74: MNN 090 | D74: 90 | E74: =3.10358*1000 -> 3103.58 | G74: 0 | H74: =G74*1000 -> 0 | I74: =H74-E74 -> -3103.58
A75: MNN160 WR | D75: 160 | E75: =3.10358*1000 -> 3103.58 | G75: 0 | H75: =G75*1000 -> 0 | I75: =H75-E75 -> -3103.58
A76: MNN120 WR | D76: 120 | E76: 3352 | G76: 0 | H76: =G76*1000 -> 0 | I76: =H76-E76 -> -3352
A77: KKN150_FTP | D77: 150 | E77: 5289.26 | G77: 0 | H77: =G77*1000 -> 0 | I77: =H77-E77 -> -5289.26
A78: MNN100 WR | D78: 100 | E78: =3.10358*1000 -> 3103.58 | G78: 0 | H78: =G78*1000 -> 0 | I78: =H78-E78 -> -3103.58
A79: MT120FTP | D79: 120 | E79: =4.162*1000 -> 4162 | G79: 0 | H79: =G79*1000 -> 0 | I79: =H79-E79 -> -4162
A80: MT 090 FTP | D80: 90 | E80: =4.162*1000 -> 4162 | G80: 0 | H80: =G80*1000 -> 0 | I80: =H80-E80 -> -4162
A81: KKN 105 BO | D81: 105 | E81: =4.44361*1000 -> 4443.61 | G81: 0 | H81: =G81*1000 -> 0 | I81: =H81-E81 -> -4443.61
A82: MEN 170 | B82: MIOLO RECICLADO | D82: 170 | E82: 3268 | G82: 3.268 | H82: =G82*1000 -> 3268 | I82: =H82-E82 -> 0
A83: KKN186 | D83: 186 | E83: =4.44361*1000 -> 4443.61 | G83: 0 | H83: =G83*1000 -> 0 | I83: =H83-E83 -> -4443.61
A84: TL 120 | D84: 120 | E84: 4782 | G84: 0 | H84: =G84*1000 -> 0 | I84: =H84-E84 -> -4782
A85: TL 90 | D85: 90 | E85: 4782 | G85: 0 | H85: =G85*1000 -> 0 | I85: =H85-E85 -> -4782
A86: CKF 205 | D86: 205 | E86: 7094 | G86: 0 | H86: =G86*1000 -> 0 | I86: =H86-E86 -> -7094
A87: KKN135 | D87: 135 | E87: 4082 | G87: 4.082 | H87: =G87*1000 -> 4082 | I87: =H87-E87 -> 0

Sheet Abril-2025
A1: Papel | B1: Descrição | C1: Grupo | D1: Gramatura (g/m²) | E1: Custo ($/t)|Valor REAL | I1: Custo ($/t)|Valor REAL
A2: 0 | B2: OUTROS | C2: 20-40-60 | D2: 1 | E2: 1
A3: BRN 056 | B3: BRANCO 56G/M² | C3: 7-14-21 | D3: 50 | E3: 7350 | G3: 7.35 | H3: =G3*1000 -> 7350 | I3: =H3-E3 -> 0
A4: BRN075 | B4: BRANCO 70g | D4: 75 | E4: 6029 | G4: 6.029 | H4: =G4*1000 -> 6029 | I4: =H4-E4 -> 0
A5: BRN100 | C5: 7-14-21 | D5: 100 | E5: =4.522*1000 -> 4522 | G5: 0 | H5: =G5*1000 -> 0 | I5: =H5-E5 -> -4522
A6: BRN110 | B6: Branco 110 | C6: 7-14-21 | D6: 110 | E6: 2760 | G6: 0 | H6: =G6*1000 -> 0 | I6: =H6-E6 -> -2760
A7: BRN120 | B7: BRANCO WTL | C7: 7-14-21 | D7: 120 | E7: 5083 | G7: 5.083 | H7: =G7*1000 -> 5083 | I7: =H7-E7 -> 0
A8: BRN130 | B8: BRANCO WTL | C8: 7-14-21 | D8: 120 | E8: 4682 | G8: 0 | H8: =G8*1000 -> 0 | I8: =H8-E8 -> -4682
A9: BRN140 | B9: BRANCO WTL | C9: 7-14-21 | D9: 140 | E9: 5394 | G9: 0 | H9: =G9*1000 -> 0 | I9: =H9-E9 -> -5394
A10: BRN150 | B10: BRANCO WTL | C10: 7-14-21 | D10: 150 | E10: 4946 | G10: 4.946 | H10: =G10*1000 -> 4946 | I10: =H10-E10 -> 0
A11: BRN175 | B11: BRANCO WTL KLABIN | C11: 7-14-21 | D11: 175 | E11: 6029 | G11: 6.029 | H11: =G11*1000 -> 6029 | I11: =H11-E11 -> 0
A12: BRN180 | B12: BRANCO | C12: 7-14-21 | D12: 175 | E12: 7796 | G12: 0 | H12: =G12*1000 -> 0 | I12: =H12-E12 -> -7796
A13: BRN63 | B13: BRANCO | C13: 7-14-21 | D13: 50 | E13: 7154 | G13: 0 | H13: =G13*1000 -> 0 | I13: =H13-E13 -> -7154
A14: BRN90 | B14: BRANCO 90G/M² | C14: 20-40-60 | D14: 90 | E14: 6029 | G14: 6.029 | H14: =G14*1000 -> 6029 | I14: =H14-E14 -> 0
A15: CNP190 | B15: COUTING NEOPACK | C15: 20-40-60 | D15: 190 | E15: 6847 | G15: 13.694 | H15: =G15*1000/2 -> 6847 | I15: =H15-E15 -> 0
A16: KKN 150 | B16: KRAFT 150g | D16: 150 | E16: 3971 | G16: 3.971 | H16: =G16*1000 -> 3971 | I16: =H16-E16 -> 0
A17: KKN 375 | B17: PAPEL KRAFT 375G | C17: 7-14-21 | D17: 375 | E17: 5054 | G17: 5.054 | H17: =G17*1000 -> 5054 | I17: =H17-E17 -> 0
A18: KKN080 | B18: KRAFT P/ ACOPLAGEM | C18: 7-14-21 | D18: 80 | E18: 5747 | G18: 0 | H18: =G18*1000 -> 0 | I18: =H18-E18 -> -5747
A19: KKN90 | B19: KRAFT | C19: 7-14-21 | D19: 100 | E19: 4212 | G19: 0 | H19: =G19*1000 -> 0 | I19: =H19-E19 -> -4212
A20: KKN100 | B20: KRAFT | C20: 7-14-21 | D20: 100 | E20: 4766 | G20: 4.766 | H20: =G20*1000 -> 4766 | I20: =H20-E20 -> 0
A21: KKN110 | B21: KRAFT | C21: 7-14-21 | D21: 115 | E21: 3877 | G21: 0 | H21: =G21*1000 -> 0 | I21: =H21-E21 -> -3877
A22: KKN125 | B22: KRAFT | C22: 7-14-21 | D22: 125 | E22: 4612 | G22: 4.612 | H22: =G22*1000 -> 4612 | I22: =H22-E22 -> 0
A23: KKN130 | B23: KRAFT | C23: 7-14-21 | D23: 125 | E23: 5190 | G23: 0 | H23: =G23*1000 -> 0 | I23: =H23-E23 -> -5190
A24: KKN140 | B24: KRAFT | C24: 7-14-21 | D24: 140 | E24: 4766 | G24: 4.766 | H24: =G24*1000 -> 4766 | I24: =H24-E24 -> 0
A25: KKN155 | B25: KRAFT 155 | D25: 155 | E25: 5289.26 | G25: 0 | H25: =G25*1000 -> 0 | I25: =H25-E25 -> -5289.26
A26: KKN160 | B26: KRAFT NORMAL 160g | C26: 7-14-21 | D26: 170 | E26: 4902 | G26: 0 | H26: =G26*1000 -> 0 | I26: =H26-E26 -> -4902
A27: KKN170 | B27: KRAFT NORMAL 170G | C27: 7-14-21 | D27: 180 | E27: 4767 | G27: 4.767 | H27: =G27*1000 -> 4767 | I27: =H27-E27 -> 0
A28: KKN175 | B28: KRAFT | C28: 7-14-21 | D28: 185 | E28: 4350 | G28: 4.35 | H28: =G28*1000 -> 4350 | I28: =H28-E28 -> 0
A29: KKN185 | B29: KRAFT | C29: 7-14-21 | D29: 185 | E29: 5054 | G29: 0 | H29: =G29*1000 -> 0 | I29: =H29-E29 -> -5054
A30: KKN190 | B30: KRAFT | C30: 7-14-21 | D30: 200 | E30: 4549 | G30: 0 | H30: =G30*1000 -> 0 | I30: =H30-E30 -> -4549
A31: KKN200 | B31: KRAFT | C31: 7-14-21 | D31: 200 | E31: 4549 | G31: 4.549 | H31: =G31*1000 -> 4549 | I31: =H31-E31 -> 0
A32: KKN240 | B32: KRAFT | C32: 7-14-21 | D32: 240 | E32: 5026 | G32: 0 | H32: =G32*1000 -> 0 | I32: =H32-E32 -> -5026
A33: KKN280 | B33: KRAFT 280 | C33: 7-14-21 | D33: 280 | E33: 7004 | G33: 0 | H33: =G33*1000 -> 0 | I33: =H33-E33 -> -7004
A34: KKP110 | B34: KRAFT 110g PLASTIFICADO (15g) | C34: 7-14-21 | D34: 130 | E34: =E35 -> 8185 | G34: 0 | H34: =G34*1000 -> 0 | I34: =H34-E34 -> -8185
A35: KKP125 | B35: KKN125(125g) + Plastif(15g) | C35: 7-14-21 | D35: 145 | E35: 8185 | G35: 8.185 | H35: =G35*1000 -> 8185 | I35: =H35-E35 -> 0
A36: MEN 190 | B36: MIOLO ESPECIAL 190 | C36: 7-14-21 | D36: 190 | E36: 3506 | G36: 3.506 | H36: =G36*1000 -> 3506 | I36: =H36-E36 -> 0
A37: MEN 350 | B37: MIOLO 350 GRAMAS ESPECIAL | C37: 7-14-21 | D37: 350 | E37: 3356.52 | G37: 0 | H37: =G37*1000 -> 0 | I37: =H37-E37 -> -3356.52
A38: MEN150 | B38: MIOLO RECICLADO | C38: 7-14-21 | D38: 150 | E38: 3478 | G38: 3.478 | H38: =G38*1000 -> 3478 | I38: =H38-E38 -> 0
A39: MEN165 | B39: MIOLO RECICLADO | C39: 7-14-21 | D39: 165 | E39: 3356.52 | G39: 0 | H39: =G39*1000 -> 0 | I39: =H39-E39 -> -3356.52
A40: MK 110 | D40: 110 | E40: =E55 -> 4161.94 | G40: 0 | H40: =G40*1000 -> 0 | I40: =H40-E40 -> -4161.94
A41: MNN100 | B41: MIOLO RECICLADO | C41: 7-14-21 | D41: 100 | E41: 3101 | G41: 3.101 | H41: =G41*1000 -> 3101 | I41: =H41-E41 -> 0
A42: MNN110 | B42: MIOLO RECICLADO | C42: 7-14-21 | D42: 110 | E42: 3350 | G42: 3.35 | H42: =G42*1000 -> 3350 | I42: =H42-E42 -> 0
A43: MNN120 | B43: MIOLO RECICLADO | C43: 7-14-21 | D43: 125 | E43: 3352 | G43: 3.352 | H43: =G43*1000 -> 3352 | I43: =H43-E43 -> 0
A44: MNN130 | B44: MIOLO RECICLADO | C44: 7-14-21 | D44: 135 | E44: 3356.52 | G44: 0 | H44: =G44*1000 -> 0 | I44: =H44-E44 -> -3356.52
A45: MNN140 | B45: MIOLO RECICLADO | C45: 7-14-21 | D45: 140 | E45: 3356.52 | G45: 0 | H45: =G45*1000 -> 0 | I45: =H45-E45 -> -3356.52
A46: MS 130 | B46: MIOLO SIZE | D46: 130 | E46: 3356.52 | G46: 0 | H46: =G46*1000 -> 0 | I46: =H46-E46 -> -3356.52
A47: MT 100 | C47: 7-14-21 | D47: 100 | E47: =E55 -> 4161.94 | G47: 0 | H47: =G47*1000 -> 0 | I47: =H47-E47 -> -4161.94
A48: MT080 | C48: 7-14-21 | D48: 80 | E48: =E47 -> 4161.94 | G48: 0 | H48: =G48*1000 -> 0 | I48: =H48-E48 -> -4161.94
A49: MT110 | C49: 7-14-21 | D49: 110 | E49: =E48 -> 4161.94 | G49: 0 | H49: =G49*1000 -> 0 | I49: =H49-E49 -> -4161.94
A50: MT120 | C50: 7-14-21 | D50: 120 | E50: =E49 -> 4161.94 | G50: 0 | H50: =G50*1000 -> 0 | I50: =H50-E50 -> -4161.94
A51: MT140 | C51: 7-14-21 | D51: 140 | E51: =E50 -> 4161.94 | G51: 0 | H51: =G51*1000 -> 0 | I51: =H51-E51 -> -4161.94
A52: MT160 | D52: 160 | E52: =E51 -> 4161.94 | G52: 0 | H52: =G52*1000 -> 0 | I52: =H52-E52 -> -4161.94
A53: MT185 | C53: 7-14-21 | D53: 185 | E53: =4.162*1000 -> 4162 | G53: 0 | H53: =G53*1000 -> 0 | I53: =H53-E53 -> -4162
A54: MTP120 | C54: 7-14-21 | D54: 140 | E54: =E53 -> 4162 | G54: 0 | H54: =G54*1000 -> 0 | I54: =H54-E54 -> -4162
A55: TL125 | B55: Testliner de 125g | C55: 7-14-21 | D55: 125 | E55: 4161.94 | G55: 0 | H55: =G55*1000 -> 0 | I55: =H55-E55 -> -4161.94
A56: TL180 | B56: TESTLINER180 | D56: 180 | E56: =E55 -> 4161.94 | G56: 0 | H56: =G56*1000 -> 0 | I56: =H56-E56 -> -4161.94
A57: TTL120 | B57: TEST LINER - JBS | C57: 20-40-60 | D57: 120 | E57: =E56 -> 4161.94 | G57: 0 | H57: =G57*1000 -> 0 | I57: =H57-E57 -> -4161.94
A58: KKPT125 | D58: 125 | E58: 9960 | G58: 9.96 | H58: =G58*1000 -> 9960 | I58: =H58-E58 -> 0
A59: KKN120 BO | B59: kraft 125 | D59: 120 | E59: 4434 | G59: 0 | H59: =G59*1000 -> 0 | I59: =H59-E59 -> -4434
A60: KKN126 | D60: 126 | E60: 4085 | G60: 0 | H60: =G60*1000 -> 0 | I60: =H60-E60 -> -4085
A61: KKN 090 | D61: 90 | E61: =4.8667*1000 -> 4866.7 | G61: 0 | H61: =G61*1000 -> 0 | I61: =H61-E61 -> -4866.7
A62: CKP220 | D62: 220 | G62: 0 | H62: =G62*1000 -> 0 | I62: =H62-E62 -> 0
A63: KKN 300 | D63: 300 | E63: 5435 | G63: 5.435 | H63: =G63*1000 -> 5435 | I63: =H63-E63 -> 0
A64: CNP150 | D64: 150 | E64: 5289.26 | G64: 0 | H64: =G64*1000 -> 0 | I64: =H64-E64 -> -5289.26
A65: KKN160WR | D65: 160 | E65: =4.8667*1000 -> 4866.7 | G65: 0 | H65: =G65*1000 -> 0 | I65: =H65-E65 -> -4866.7
A66: KKN120 WR | D66: 120 | E66: =4.8667*1000 -> 4866.7 | G66: 0 | H66: =G66*1000 -> 0 | I66: =H66-E66 -> -4866.7
A67: CKF190 | D67: 190 | E67: =7.22034*1000 -> 7220.34 | G67: 0 | H67: =G67*1000 -> 0 | I67: =H67-E67 -> -7220.34
A68: CNP200 | D68: 200 | E68: =7.22034*1000 -> 7220.34 | G68: 0 | H68: =G68*1000 -> 0 | I68: =H68-E68 -> -7220.34
A69: CNP205 | D69: 205 | E69: 6847 | G69: 0 | H69: =G69*1000 -> 0 | I69: =H69-E69 -> -6847
A70: MT110 FTP | D70: 110 | E70: =4.162*1000 -> 4162 | G70: 0 | H70: =G70*1000 -> 0 | I70: =H70-E70 -> -4162
A71: CKF227 | D71: 227 | E71: =7.22034*1000 -> 7220.34 | G71: 0 | H71: =G71*1000 -> 0 | I71: =H71-E71 -> -7220.34
A72: MNN 135 | D72: 135 | E72: =3.10358*1000 -> 3103.58 | G72: 0 | H72: =G72*1000 -> 0 | I72: =H72-E72 -> -3103.58
A73: KKN075 | D73: 75 | E73: =5.075*1000 -> 5075 | G73: 0 | H73: =G73*1000 -> 0 | I73: =H73-E73 -> -5075
A74: MNN 090 | D74: 90 | E74: =3.10358*1000 -> 3103.58 | G74: 0 | H74: =G74*1000 -> 0 | I74: =H74-E74 -> -3103.58
A75: MNN160 WR | D75: 160 | E75: =3.10358*1000 -> 3103.58 | G75: 0 | H75: =G75*1000 -> 0 | I75: =H75-E75 -> -3103.58
A76: MNN120 WR | D76: 120 | E76: 3352 | G76: 0 | H76: =G76*1000 -> 0 | I76: =H76-E76 -> -3352
A77: KKN150_FTP | D77: 150 | E77: 5289.26 | G77: 0 | H77: =G77*1000 -> 0 | I77: =H77-E77 -> -5289.26
A78: MNN100 WR | D78: 100 | E78: =3.10358*1000 -> 3103.58 | G78: 0 | H78: =G78*1000 -> 0 | I78: =H78-E78 -> -3103.58
A79: MT120FTP | D79: 120 | E79: =4.162*1000 -> 4162 | G79: 0 | H79: =G79*1000 -> 0 | I79: =H79-E79 -> -4162
A80: MT 090 FTP | D80: 90 | E80: =4.162*1000 -> 4162 | G80: 0 | H80: =G80*1000 -> 0 | I80: =H80-E80 -> -4162
A81: KKN 105 BO | D81: 105 | E81: =4.44361*1000 -> 4443.61 | G81: 0 | H81: =G81*1000 -> 0 | I81: =H81-E81 -> -4443.61
A82: MEN 170 | B82: MIOLO RECICLADO | D82: 170 | E82: 3268 | G82: 3.268 | H82: =G82*1000 -> 3268 | I82: =H82-E82 -> 0
A83: KKN186 | D83: 186 | E83: =4.44361*1000 -> 4443.61 | G83: 0 | H83: =G83*1000 -> 0 | I83: =H83-E83 -> -4443.61
A84: TL 120 | D84: 120 | E84: 4782 | G84: 0 | H84: =G84*1000 -> 0 | I84: =H84-E84 -> -4782
A85: TL 90 | D85: 90 | E85: 4782 | G85: 0 | H85: =G85*1000 -> 0 | I85: =H85-E85 -> -4782
A86: CKF 205 | D86: 205 | E86: 7094 | G86: 0 | H86: =G86*1000 -> 0 | I86: =H86-E86 -> -7094
A87: KKN135 | D87: 135 | E87: 4082 | G87: 4.082 | H87: =G87*1000 -> 4082 | I87: =H87-E87 -> 0

Sheet Maio-2025
A1: Papel | B1: Descrição | C1: Grupo | D1: Gramatura (g/m²) | E1: Custo ($/t)|Valor REAL | I1: Custo ($/t)|Valor REAL
A2: 0 | B2: OUTROS | C2: 20-40-60 | D2: 1 | E2: 1
A3: BRN 056 | B3: BRANCO 56G/M² | C3: 7-14-21 | D3: 50 | E3: 7350 | G3: =SUMIF(Planilha2!E:E,A3,Planilha2!D:D) -> 0 | H3: =G3*1000 -> 0 | I3: =H3-E3 -> -7350
A4: BRN075 | B4: BRANCO 70g | D4: 75 | E4: 6029 | G4: =SUMIF(Planilha2!E:E,A4,Planilha2!D:D) -> 0 | H4: =G4*1000 -> 0 | I4: =H4-E4 -> -6029
A5: BRN100 | C5: 7-14-21 | D5: 100 | E5: =4.522*1000 -> 4522 | G5: =SUMIF(Planilha2!E:E,A5,Planilha2!D:D) -> 0 | H5: =G5*1000 -> 0 | I5: =H5-E5 -> -4522
A6: BRN110 | B6: Branco 110 | C6: 7-14-21 | D6: 110 | E6: 2760 | G6: =SUMIF(Planilha2!E:E,A6,Planilha2!D:D) -> 0 | H6: =G6*1000 -> 0 | I6: =H6-E6 -> -2760
A7: BRN120 | B7: BRANCO WTL | C7: 7-14-21 | D7: 120 | E7: 4801 | G7: =SUMIF(Planilha2!E:E,A7,Planilha2!D:D) -> 0 | H7: =G7*1000 -> 0 | I7: =H7-E7 -> -4801
A8: BRN130 | B8: BRANCO WTL | C8: 7-14-21 | D8: 120 | E8: 4682 | G8: =SUMIF(Planilha2!E:E,A8,Planilha2!D:D) -> 0 | H8: =G8*1000 -> 0 | I8: =H8-E8 -> -4682
A9: BRN140 | B9: BRANCO WTL | C9: 7-14-21 | D9: 140 | E9: 5394 | G9: =SUMIF(Planilha2!E:E,A9,Planilha2!D:D) -> 0 | H9: =G9*1000 -> 0 | I9: =H9-E9 -> -5394
A10: BRN150 | B10: BRANCO WTL | C10: 7-14-21 | D10: 150 | E10: 5624 | G10: =SUMIF(Planilha2!E:E,A10,Planilha2!D:D) -> 0 | H10: =G10*1000 -> 0 | I10: =H10-E10 -> -5624
A11: BRN175 | B11: BRANCO WTL KLABIN | C11: 7-14-21 | D11: 175 | E11: 4801 | G11: =SUMIF(Planilha2!E:E,A11,Planilha2!D:D) -> 4.207 | H11: =G11*1000 -> 4207 | I11: =H11-E11 -> -594
A12: BRN180 | B12: BRANCO | C12: 7-14-21 | D12: 175 | E12: 7796 | G12: =SUMIF(Planilha2!E:E,A12,Planilha2!D:D) -> 0 | H12: =G12*1000 -> 0 | I12: =H12-E12 -> -7796
A13: BRN63 | B13: BRANCO | C13: 7-14-21 | D13: 50 | E13: 7154 | G13: =SUMIF(Planilha2!E:E,A13,Planilha2!D:D) -> 0 | H13: =G13*1000 -> 0 | I13: =H13-E13 -> -7154
A14: BRN90 | B14: BRANCO 90G/M² | C14: 20-40-60 | D14: 90 | E14: 6029 | G14: =SUMIF(Planilha2!E:E,A14,Planilha2!D:D) -> 0 | H14: =G14*1000 -> 0 | I14: =H14-E14 -> -6029
A15: CNP190 | B15: COUTING NEOPACK | C15: 20-40-60 | D15: 190 | E15: 7107 | G15: =SUMIF(Planilha2!E:E,A15,Planilha2!D:D) -> 0 | H15: =G15*1000 -> 0 | I15: =H15-E15 -> -7107
A16: KKN 150 | B16: KRAFT 150g | D16: 150 | E16: 3971 | G16: =SUMIF(Planilha2!E:E,A16,Planilha2!D:D) -> 0 | H16: =G16*1000 -> 0 | I16: =H16-E16 -> -3971
A17: KKN 375 | B17: PAPEL KRAFT 375G | C17: 7-14-21 | D17: 375 | E17: 5054 | G17: =SUMIF(Planilha2!E:E,A17,Planilha2!D:D) -> 0 | H17: =G17*1000 -> 0 | I17: =H17-E17 -> -5054
A18: KKN080 | B18: KRAFT P/ ACOPLAGEM | C18: 7-14-21 | D18: 80 | E18: 5747 | G18: =SUMIF(Planilha2!E:E,A18,Planilha2!D:D) -> 0 | H18: =G18*1000 -> 0 | I18: =H18-E18 -> -5747
A19: KKN90 | B19: KRAFT | C19: 7-14-21 | D19: 100 | E19: 4212 | G19: =SUMIF(Planilha2!E:E,A19,Planilha2!D:D) -> 0 | H19: =G19*1000 -> 0 | I19: =H19-E19 -> -4212
A20: KKN100 | B20: KRAFT | C20: 7-14-21 | D20: 100 | E20: 4766 | G20: =SUMIF(Planilha2!E:E,A20,Planilha2!D:D) -> 0 | H20: =G20*1000 -> 0 | I20: =H20-E20 -> -4766
A21: KKN110 | B21: KRAFT | C21: 7-14-21 | D21: 115 | E21: 3877 | G21: =SUMIF(Planilha2!E:E,A21,Planilha2!D:D) -> 0 | H21: =G21*1000 -> 0 | I21: =H21-E21 -> -3877
A22: KKN125 | B22: KRAFT | C22: 7-14-21 | D22: 125 | E22: 4055 | G22: =SUMIF(Planilha2!E:E,A22,Planilha2!D:D) -> 4.166 | H22: =G22*1000 -> 4166 | I22: =H22-E22 -> 111
A23: KKN130 | B23: KRAFT | C23: 7-14-21 | D23: 125 | E23: 5190 | G23: =SUMIF(Planilha2!E:E,A23,Planilha2!D:D) -> 0 | H23: =G23*1000 -> 0 | I23: =H23-E23 -> -5190
A24: KKN140 | B24: KRAFT | C24: 7-14-21 | D24: 140 | E24: 4766 | G24: =SUMIF(Planilha2!E:E,A24,Planilha2!D:D) -> 0 | H24: =G24*1000 -> 0 | I24: =H24-E24 -> -4766
A25: KKN155 | B25: KRAFT 155 | D25: 155 | E25: 5289.26 | G25: =SUMIF(Planilha2!E:E,A25,Planilha2!D:D) -> 0 | H25: =G25*1000 -> 0 | I25: =H25-E25 -> -5289.26
A26: KKN160 | B26: KRAFT NORMAL 160g | C26: 7-14-21 | D26: 170 | E26: 4902 | G26: 0 | H26: =G26*1000 -> 0 | I26: =H26-E26 -> -4902
A27: KKN170 | B27: KRAFT NORMAL 170G | C27: 7-14-21 | D27: 180 | E27: 4767 | G27: 0 | H27: =G27*1000 -> 0 | I27: =H27-E27 -> -4767
A28: KKN175 | B28: KRAFT | C28: 7-14-21 | D28: 185 | E28: 4587 | G28: 4.587 | H28: =G28*1000 -> 4587 | I28: =H28-E28 -> 0
A29: KKN185 | B29: KRAFT | C29: 7-14-21 | D29: 185 | E29: 5054 | G29: 0 | H29: =G29*1000 -> 0 | I29: =H29-E29 -> -5054
A30: KKN190 | B30: KRAFT | C30: 7-14-21 | D30: 200 | E30: 4549 | G30: 0 | H30: =G30*1000 -> 0 | I30: =H30-E30 -> -4549
A31: KKN200 | B31: KRAFT | C31: 7-14-21 | D31: 200 | E31: 4549 | G31: 0 | H31: =G31*1000 -> 0 | I31: =H31-E31 -> -4549
A32: KKN240 | B32: KRAFT | C32: 7-14-21 | D32: 240 | E32: 5026 | G32: 0 | H32: =G32*1000 -> 0 | I32: =H32-E32 -> -5026
A33: KKN280 | B33: KRAFT 280 | C33: 7-14-21 | D33: 280 | E33: 7004 | G33: 0 | H33: =G33*1000 -> 0 | I33: =H33-E33 -> -7004
A34: KKP110 | B34: KRAFT 110g PLASTIFICADO (15g) | C34: 7-14-21 | D34: 130 | E34: =E35 -> 8185 | G34: 0 | H34: =G34*1000 -> 0 | I34: =H34-E34 -> -8185
A35: KKP125 | B35: KKN125(125g) + Plastif(15g) | C35: 7-14-21 | D35: 145 | E35: 8185 | G35: 0 | H35: =G35*1000 -> 0 | I35: =H35-E35 -> -8185
A36: MEN 190 | B36: MIOLO ESPECIAL 190 | C36: 7-14-21 | D36: 190 | E36: 3363 | G36: 3.363 | H36: =G36*1000 -> 3363 | I36: =H36-E36 -> 0
A37: MEN 350 | B37: MIOLO 350 GRAMAS ESPECIAL | C37: 7-14-21 | D37: 350 | E37: 3356.52 | G37: 0 | H37: =G37*1000 -> 0 | I37: =H37-E37 -> -3356.52
A38: MEN150 | B38: MIOLO RECICLADO | C38: 7-14-21 | D38: 150 | E38: 3408 | G38: 3.408 | H38: =G38*1000 -> 3408 | I38: =H38-E38 -> 0
A39: MEN165 | B39: MIOLO RECICLADO | C39: 7-14-21 | D39: 165 | E39: 3356.52 | G39: 0 | H39: =G39*1000 -> 0 | I39: =H39-E39 -> -3356.52
A40: MK 110 | D40: 110 | E40: =E55 -> 4161.94 | G40: 0 | H40: =G40*1000 -> 0 | I40: =H40-E40 -> -4161.94
A41: MNN100 | B41: MIOLO RECICLADO | C41: 7-14-21 | D41: 100 | E41: 3101 | G41: 0 | H41: =G41*1000 -> 0 | I41: =H41-E41 -> -3101
A42: MNN110 | B42: MIOLO RECICLADO | C42: 7-14-21 | D42: 110 | E42: 3355 | G42: 3.355 | H42: =G42*1000 -> 3355 | I42: =H42-E42 -> 0
A43: MNN120 | B43: MIOLO RECICLADO | C43: 7-14-21 | D43: 125 | E43: 3352 | G43: 0 | H43: =G43*1000 -> 0 | I43: =H43-E43 -> -3352
A44: MNN130 | B44: MIOLO RECICLADO | C44: 7-14-21 | D44: 135 | E44: 3356.52 | G44: 0 | H44: =G44*1000 -> 0 | I44: =H44-E44 -> -3356.52
A45: MNN140 | B45: MIOLO RECICLADO | C45: 7-14-21 | D45: 140 | E45: 3356.52 | G45: 0 | H45: =G45*1000 -> 0 | I45: =H45-E45 -> -3356.52
A46: MS 130 | B46: MIOLO SIZE | D46: 130 | E46: 3356.52 | G46: 0 | H46: =G46*1000 -> 0 | I46: =H46-E46 -> -3356.52
A47: MT 100 | C47: 7-14-21 | D47: 100 | E47: =E55 -> 4161.94 | G47: 0 | H47: =G47*1000 -> 0 | I47: =H47-E47 -> -4161.94
A48: MT080 | C48: 7-14-21 | D48: 80 | E48: =E47 -> 4161.94 | G48: 0 | H48: =G48*1000 -> 0 | I48: =H48-E48 -> -4161.94
A49: MT110 | C49: 7-14-21 | D49: 110 | E49: =E48 -> 4161.94 | G49: 0 | H49: =G49*1000 -> 0 | I49: =H49-E49 -> -4161.94
A50: MT120 | C50: 7-14-21 | D50: 120 | E50: =E49 -> 4161.94 | G50: 0 | H50: =G50*1000 -> 0 | I50: =H50-E50 -> -4161.94
A51: MT140 | C51: 7-14-21 | D51: 140 | E51: =E50 -> 4161.94 | G51: 0 | H51: =G51*1000 -> 0 | I51: =H51-E51 -> -4161.94
A52: MT160 | D52: 160 | E52: =E51 -> 4161.94 | G52: 0 | H52: =G52*1000 -> 0 | I52: =H52-E52 -> -4161.94
A53: MT185 | C53: 7-14-21 | D53: 185 | E53: =4.162*1000 -> 4162 | G53: 0 | H53: =G53*1000 -> 0 | I53: =H53-E53 -> -4162
A54: MTP120 | C54: 7-14-21 | D54: 140 | E54: =E53 -> 4162 | G54: 0 | H54: =G54*1000 -> 0 | I54: =H54-E54 -> -4162
A55: TL125 | B55: Testliner de 125g | C55: 7-14-21 | D55: 125 | E55: 4161.94 | G55: 0 | H55: =G55*1000 -> 0 | I55: =H55-E55 -> -4161.94
A56: TL180 | B56: TESTLINER180 | D56: 180 | E56: =E55 -> 4161.94 | G56: 0 | H56: =G56*1000 -> 0 | I56: =H56-E56 -> -4161.94
A57: TTL120 | B57: TEST LINER - JBS | C57: 20-40-60 | D57: 120 | E57: =E56 -> 4161.94 | G57: 0 | H57: =G57*1000 -> 0 | I57: =H57-E57 -> -4161.94
A58: KKPT125 | D58: 125 | E58: 9960 | G58: 0 | H58: =G58*1000 -> 0 | I58: =H58-E58 -> -9960
A59: KKN120 BO | B59: kraft 125 | D59: 120 | E59: 4434 | G59: 0 | H59: =G59*1000 -> 0 | I59: =H59-E59 -> -4434
A60: KKN126 | D60: 126 | E60: 4085 | G60: 0 | H60: =G60*1000 -> 0 | I60: =H60-E60 -> -4085
A61: KKN 090 | D61: 90 | E61: =4.8667*1000 -> 4866.7 | G61: 0 | H61: =G61*1000 -> 0 | I61: =H61-E61 -> -4866.7
A62: CKP220 | D62: 220 | G62: 0 | H62: =G62*1000 -> 0 | I62: =H62-E62 -> 0
A63: KKN 300 | D63: 300 | E63: 5435 | G63: 0 | H63: =G63*1000 -> 0 | I63: =H63-E63 -> -5435
A64: CNP150 | D64: 150 | E64: 5289.26 | G64: 0 | H64: =G64*1000 -> 0 | I64: =H64-E64 -> -5289.26
A65: KKN160WR | D65: 160 | E65: =4.8667*1000 -> 4866.7 | G65: 0 | H65: =G65*1000 -> 0 | I65: =H65-E65 -> -4866.7
A66: KKN120 WR | D66: 120 | E66: =4.8667*1000 -> 4866.7 | G66: 0 | H66: =G66*1000 -> 0 | I66: =H66-E66 -> -4866.7
A67: CKF190 | D67: 190 | E67: =7.22034*1000 -> 7220.34 | G67: 0 | H67: =G67*1000 -> 0 | I67: =H67-E67 -> -7220.34
A68: CNP200 | D68: 200 | E68: =7.22034*1000 -> 7220.34 | G68: 0 | H68: =G68*1000 -> 0 | I68: =H68-E68 -> -7220.34
A69: CNP205 | D69: 205 | E69: 6847 | G69: 0 | H69: =G69*1000 -> 0 | I69: =H69-E69 -> -6847
A70: MT110 FTP | D70: 110 | E70: =4.162*1000 -> 4162 | G70: 0 | H70: =G70*1000 -> 0 | I70: =H70-E70 -> -4162
A71: CKF227 | D71: 227 | E71: =7.22034*1000 -> 7220.34 | G71: 0 | H71: =G71*1000 -> 0 | I71: =H71-E71 -> -7220.34
A72: MNN 135 | D72: 135 | E72: =3.10358*1000 -> 3103.58 | G72: 0 | H72: =G72*1000 -> 0 | I72: =H72-E72 -> -3103.58
A73: KKN075 | D73: 75 | E73: =5.075*1000 -> 5075 | G73: 0 | H73: =G73*1000 -> 0 | I73: =H73-E73 -> -5075
A74: MNN 090 | D74: 90 | E74: =3.10358*1000 -> 3103.58 | G74: 0 | H74: =G74*1000 -> 0 | I74: =H74-E74 -> -3103.58
A75: MNN160 WR | D75: 160 | E75: =3.10358*1000 -> 3103.58 | G75: 0 | H75: =G75*1000 -> 0 | I75: =H75-E75 -> -3103.58
A76: MNN120 WR | D76: 120 | E76: 3352 | G76: 0 | H76: =G76*1000 -> 0 | I76: =H76-E76 -> -3352
A77: KKN150_FTP | D77: 150 | E77: 5289.26 | G77: 0 | H77: =G77*1000 -> 0 | I77: =H77-E77 -> -5289.26
A78: MNN100 WR | D78: 100 | E78: =3.10358*1000 -> 3103.58 | G78: 0 | H78: =G78*1000 -> 0 | I78: =H78-E78 -> -3103.58
A79: MT120FTP | D79: 120 | E79: =4.162*1000 -> 4162 | G79: 0 | H79: =G79*1000 -> 0 | I79: =H79-E79 -> -4162
A80: MT 090 FTP | D80: 90 | E80: =4.162*1000 -> 4162 | G80: 0 | H80: =G80*1000 -> 0 | I80: =H80-E80 -> -4162
A81: KKN 105 BO | D81: 105 | E81: =4.44361*1000 -> 4443.61 | G81: 0 | H81: =G81*1000 -> 0 | I81: =H81-E81 -> -4443.61
A82: MEN 170 | B82: MIOLO RECICLADO | D82: 170 | E82: 3268 | G82: 0 | H82: =G82*1000 -> 0 | I82: =H82-E82 -> -3268
A83: KKN186 | D83: 186 | E83: =4.44361*1000 -> 4443.61 | G83: 0 | H83: =G83*1000 -> 0 | I83: =H83-E83 -> -4443.61
A84: TL 120 | D84: 120 | E84: 4782 | G84: 0 | H84: =G84*1000 -> 0 | I84: =H84-E84 -> -4782
A85: TL 90 | D85: 90 | E85: 4782 | G85: 0 | H85: =G85*1000 -> 0 | I85: =H85-E85 -> -4782
A86: CKF 205 | D86: 205 | E86: 7094 | G86: 0 | H86: =G86*1000 -> 0 | I86: =H86-E86 -> -7094
A87: KKN135 | D87: 135 | E87: 4082 | G87: 0 | H87: =G87*1000 -> 0 | I87: =H87-E87 -> -4082

Sheet Junho-2025
A1: Papel | B1: Descrição | C1: Grupo | D1: Gramatura (g/m²) | E1: Custo ($/t)|Valor REAL | I1: Custo ($/t)|Valor REAL
A2: 0 | B2: OUTROS | C2: 20-40-60 | D2: 1 | E2: 1
A3: BRN 056 | B3: BRANCO 56G/M² | C3: 7-14-21 | D3: 50 | E3: 7350 | G3: =SUMIF(Planilha2!E:E,A3,Planilha2!D:D) -> 0 | H3: =G3*1000 -> 0 | I3: =H3-E3 -> -7350
A4: BRN075 | B4: BRANCO 70g | D4: 75 | E4: 6023 | G4: =SUMIF(Planilha2!E:E,A4,Planilha2!D:D) -> 0 | H4: =G4*1000 -> 0 | I4: =H4-E4 -> -6023
A5: BRN100 | C5: 7-14-21 | D5: 100 | E5: 4522 | G5: =SUMIF(Planilha2!E:E,A5,Planilha2!D:D) -> 0 | H5: =G5*1000 -> 0 | I5: =H5-E5 -> -4522
A6: BRN110 | B6: Branco 110 | C6: 7-14-21 | D6: 110 | E6: 2760 | G6: =SUMIF(Planilha2!E:E,A6,Planilha2!D:D) -> 0 | H6: =G6*1000 -> 0 | I6: =H6-E6 -> -2760
A7: BRN120 | B7: BRANCO WTL | C7: 7-14-21 | D7: 120 | E7: 4801 | G7: =SUMIF(Planilha2!E:E,A7,Planilha2!D:D) -> 0 | H7: =G7*1000 -> 0 | I7: =H7-E7 -> -4801
A8: BRN130 | B8: BRANCO WTL | C8: 7-14-21 | D8: 120 | E8: 4682 | G8: =SUMIF(Planilha2!E:E,A8,Planilha2!D:D) -> 0 | H8: =G8*1000 -> 0 | I8: =H8-E8 -> -4682
A9: BRN140 | B9: BRANCO WTL | C9: 7-14-21 | D9: 140 | E9: 5394 | G9: =SUMIF(Planilha2!E:E,A9,Planilha2!D:D) -> 0 | H9: =G9*1000 -> 0 | I9: =H9-E9 -> -5394
A10: BRN150 | B10: BRANCO WTL | C10: 7-14-21 | D10: 150 | E10: 5975 | G10: =SUMIF(Planilha2!E:E,A10,Planilha2!D:D) -> 0 | H10: =G10*1000 -> 0 | I10: =H10-E10 -> -5975
A11: BRN175 | B11: BRANCO WTL KLABIN | C11: 7-14-21 | D11: 175 | E11: 4806 | G11: =SUMIF(Planilha2!E:E,A11,Planilha2!D:D) -> 4.207 | H11: =G11*1000 -> 4207 | I11: =H11-E11 -> -599
A12: BRN180 | B12: BRANCO | C12: 7-14-21 | D12: 175 | E12: 7796 | G12: =SUMIF(Planilha2!E:E,A12,Planilha2!D:D) -> 0 | H12: =G12*1000 -> 0 | I12: =H12-E12 -> -7796
A13: BRN63 | B13: BRANCO | C13: 7-14-21 | D13: 50 | E13: 7154 | G13: =SUMIF(Planilha2!E:E,A13,Planilha2!D:D) -> 0 | H13: =G13*1000 -> 0 | I13: =H13-E13 -> -7154
A14: BRN90 | B14: BRANCO 90G/M² | C14: 20-40-60 | D14: 90 | E14: 6023 | G14: =SUMIF(Planilha2!E:E,A14,Planilha2!D:D) -> 0 | H14: =G14*1000 -> 0 | I14: =H14-E14 -> -6023
A15: CNP190 | B15: COUTING NEOPACK | C15: 20-40-60 | D15: 190 | E15: 6847 | G15: =SUMIF(Planilha2!E:E,A15,Planilha2!D:D) -> 0 | H15: =G15*1000 -> 0 | I15: =H15-E15 -> -6847
A16: KKN 150 | B16: KRAFT 150g | D16: 150 | E16: 3971 | G16: =SUMIF(Planilha2!E:E,A16,Planilha2!D:D) -> 0 | H16: =G16*1000 -> 0 | I16: =H16-E16 -> -3971
A17: KKN 375 | B17: PAPEL KRAFT 375G | C17: 7-14-21 | D17: 375 | E17: 5054 | G17: =SUMIF(Planilha2!E:E,A17,Planilha2!D:D) -> 0 | H17: =G17*1000 -> 0 | I17: =H17-E17 -> -5054
A18: KKN080 | B18: KRAFT P/ ACOPLAGEM | C18: 7-14-21 | D18: 80 | E18: 5747 | G18: =SUMIF(Planilha2!E:E,A18,Planilha2!D:D) -> 0 | H18: =G18*1000 -> 0 | I18: =H18-E18 -> -5747
A19: KKN90 | B19: KRAFT | C19: 7-14-21 | D19: 100 | E19: 4212 | G19: =SUMIF(Planilha2!E:E,A19,Planilha2!D:D) -> 0 | H19: =G19*1000 -> 0 | I19: =H19-E19 -> -4212
A20: KKN100 | B20: KRAFT | C20: 7-14-21 | D20: 100 | E20: 4766 | G20: =SUMIF(Planilha2!E:E,A20,Planilha2!D:D) -> 0 | H20: =G20*1000 -> 0 | I20: =H20-E20 -> -4766
A21: KKN110 | B21: KRAFT | C21: 7-14-21 | D21: 115 | E21: 3877 | G21: =SUMIF(Planilha2!E:E,A21,Planilha2!D:D) -> 0 | H21: =G21*1000 -> 0 | I21: =H21-E21 -> -3877
A22: KKN125 | B22: KRAFT | C22: 7-14-21 | D22: 125 | E22: 4518 | G22: =SUMIF(Planilha2!E:E,A22,Planilha2!D:D) -> 4.166 | H22: =G22*1000 -> 4166 | I22: =H22-E22 -> -352
A23: KKN130 | B23: KRAFT | C23: 7-14-21 | D23: 125 | E23: 5190 | G23: =SUMIF(Planilha2!E:E,A23,Planilha2!D:D) -> 0 | H23: =G23*1000 -> 0 | I23: =H23-E23 -> -5190
A24: KKN140 | B24: KRAFT | C24: 7-14-21 | D24: 140 | E24: 4766 | G24: =SUMIF(Planilha2!E:E,A24,Planilha2!D:D) -> 0 | H24: =G24*1000 -> 0 | I24: =H24-E24 -> -4766
A25: KKN155 | B25: KRAFT 155 | D25: 155 | E25: 5289.26 | G25: =SUMIF(Planilha2!E:E,A25,Planilha2!D:D) -> 0 | H25: =G25*1000 -> 0 | I25: =H25-E25 -> -5289.26
A26: KKN160 | B26: KRAFT NORMAL 160g | C26: 7-14-21 | D26: 170 | E26: 4902 | G26: =SUMIF(Planilha2!E:E,A26,Planilha2!D:D) -> 0 | H26: =G26*1000 -> 0 | I26: =H26-E26 -> -4902
A27: KKN170 | B27: KRAFT NORMAL 170G | C27: 7-14-21 | D27: 180 | E27: 4767 | G27: =SUMIF(Planilha2!E:E,A27,Planilha2!D:D) -> 0 | H27: =G27*1000 -> 0 | I27: =H27-E27 -> -4767
A28: KKN175 | B28: KRAFT | C28: 7-14-21 | D28: 185 | E28: 4652 | G28: =SUMIF(Planilha2!E:E,A28,Planilha2!D:D) -> 4.593 | H28: =G28*1000 -> 4593 | I28: =H28-E28 -> -59
A29: KKN185 | B29: KRAFT | C29: 7-14-21 | D29: 185 | E29: 5054 | G29: =SUMIF(Planilha2!E:E,A29,Planilha2!D:D) -> 0 | H29: =G29*1000 -> 0 | I29: =H29-E29 -> -5054
A30: KKN190 | B30: KRAFT | C30: 7-14-21 | D30: 200 | E30: 4549 | G30: =SUMIF(Planilha2!E:E,A30,Planilha2!D:D) -> 0 | H30: =G30*1000 -> 0 | I30: =H30-E30 -> -4549
A31: KKN200 | B31: KRAFT | C31: 7-14-21 | D31: 200 | E31: 4549 | G31: =SUMIF(Planilha2!E:E,A31,Planilha2!D:D) -> 0 | H31: =G31*1000 -> 0 | I31: =H31-E31 -> -4549
A32: KKN240 | B32: KRAFT | C32: 7-14-21 | D32: 240 | E32: 4137 | G32: =SUMIF(Planilha2!E:E,A32,Planilha2!D:D) -> 0 | H32: =G32*1000 -> 0 | I32: =H32-E32 -> -4137
A33: KKN280 | B33: KRAFT 280 | C33: 7-14-21 | D33: 280 | E33: 7004 | G33: =SUMIF(Planilha2!E:E,A33,Planilha2!D:D) -> 0 | H33: =G33*1000 -> 0 | I33: =H33-E33 -> -7004
A34: KKP110 | B34: KRAFT 110g PLASTIFICADO (15g) | C34: 7-14-21 | D34: 130 | E34: 8185 | G34: =SUMIF(Planilha2!E:E,A34,Planilha2!D:D) -> 0 | H34: =G34*1000 -> 0 | I34: =H34-E34 -> -8185
A35: KKP125 | B35: KKN125(125g) + Plastif(15g) | C35: 7-14-21 | D35: 145 | E35: 8185 | G35: =SUMIF(Planilha2!E:E,A35,Planilha2!D:D) -> 0 | H35: =G35*1000 -> 0 | I35: =H35-E35 -> -8185
A36: MEN 190 | B36: MIOLO ESPECIAL 190 | C36: 7-14-21 | D36: 190 | E36: 3361 | G36: =SUMIF(Planilha2!E:E,A36,Planilha2!D:D) -> 3.217 | H36: =G36*1000 -> 3217 | I36: =H36-E36 -> -144
A37: MEN 350 | B37: MIOLO 350 GRAMAS ESPECIAL | C37: 7-14-21 | D37: 350 | E37: 3356.52 | G37: =SUMIF(Planilha2!E:E,A37,Planilha2!D:D) -> 0 | H37: =G37*1000 -> 0 | I37: =H37-E37 -> -3356.52
... A39: MEN165 | B39: MIOLO RECICLADO | C39: 7-14-21 | D39: 165 | E39: 3356.52 | G39: =SUMIF(Planilha2!E:E,A39,Planilha2!D:D) -> 0 | H39: =G39*1000 -> 0 | I39: =H39-E39 -> -3356.52
A40: MK 110 | D40: 110 | E40: 4161.94 | G40: =SUMIF(Planilha2!E:E,A40,Planilha2!D:D) -> 0 | H40: =G40*1000 -> 0 | I40: =H40-E40 -> -4161.94
A41: MNN100 | B41: MIOLO RECICLADO | C41: 7-14-21 | D41: 100 | E41: 3101 | G41: =SUMIF(Planilha2!E:E,A41,Planilha2!D:D) -> 3.293 | H41: =G41*1000 -> 3293 | I41: =H41-E41 -> 192
A42: MNN110 | B42: MIOLO RECICLADO | C42: 7-14-21 | D42: 110 | E42: 3341 | G42: =SUMIF(Planilha2!E:E,A42,Planilha2!D:D) -> 3.177 | H42: =G42*1000 -> 3177 | I42: =H42-E42 -> -164
A43: MNN120 | B43: MIOLO RECICLADO | C43: 7-14-21 | D43: 125 | E43: 3352 | G43: =SUMIF(Planilha2!E:E,A43,Planilha2!D:D) -> 0 | H43: =G43*1000 -> 0 | I43: =H43-E43 -> -3352
A44: MNN130 | B44: MIOLO RECICLADO | C44: 7-14-21 | D44: 135 | E44: 3356.52 | G44: =SUMIF(Planilha2!E:E,A44,Planilha2!D:D) -> 0 | H44: =G44*1000 -> 0 | I44: =H44-E44 -> -3356.52
A45: MNN140 | B45: MIOLO RECICLADO | C45: 7-14-21 | D45: 140 | E45: 3356.52 | G45: =SUMIF(Planilha2!E:E,A45,Planilha2!D:D) -> 0 | H45: =G45*1000 -> 0 | I45: =H45-E45 -> -3356.52
A46: MS 130 | B46: MIOLO SIZE | D46: 130 | E46: 3356.52 | G46: =SUMIF(Planilha2!E:E,A46,Planilha2!D:D) -> 0 | H46: =G46*1000 -> 0 | I46: =H46-E46 -> -3356.52
A47: MT 100 | C47: 7-14-21 | D47: 100 | E47: 4161.94 | G47: =SUMIF(Planilha2!E:E,A47,Planilha2!D:D) -> 0 | H47: =G47*1000 -> 0 | I47: =H47-E47 -> -4161.94
A48: MT080 | C48: 7-14-21 | D48: 80 | E48: 4161.94 | G48: =SUMIF(Planilha2!E:E,A48,Planilha2!D:D) -> 0 | H48: =G48*1000 -> 0 | I48: =H48-E48 -> -4161.94
A49: MT110 | C49: 7-14-21 | D49: 110 | E49: 4161.94 | G49: =SUMIF(Planilha2!E:E,A49,Planilha2!D:D) -> 0 | H49: =G49*1000 -> 0 | I49: =H49-E49 -> -4161.94
A50: MT120 | C50: 7-14-21 | D50: 120 | E50: 4161.94 | G50: =SUMIF(Planilha2!E:E,A50,Planilha2!D:D) -> 0 | H50: =G50*1000 -> 0 | I50: =H50-E50 -> -4161.94
A51: MT140 | C51: 7-14-21 | D51: 140 | E51: 4161.94 | G51: =SUMIF(Planilha2!E:E,A51,Planilha2!D:D) -> 0 | H51: =G51*1000 -> 0 | I51: =H51-E51 -> -4161.94
A52: MT160 | D52: 160 | E52: 4161.94 | G52: =SUMIF(Planilha2!E:E,A52,Planilha2!D:D) -> 0 | H52: =G52*1000 -> 0 | I52: =H52-E52 -> -4161.94
A53: MT185 | C53: 7-14-21 | D53: 185 | E53: 4162 | G53: =SUMIF(Planilha2!E:E,A53,Planilha2!D:D) -> 0 | H53: =G53*1000 -> 0 | I53: =H53-E53 -> -4162
A54: MTP120 | C54: 7-14-21 | D54: 140 | E54: 4162 | G54: =SUMIF(Planilha2!E:E,A54,Planilha2!D:D) -> 0 | H54: =G54*1000 -> 0 | I54: =H54-E54 -> -4162
A55: TL125 | B55: Testliner de 125g | C55: 7-14-21 | D55: 125 | E55: 4161.94 | G55: =SUMIF(Planilha2!E:E,A55,Planilha2!D:D) -> 0 | H55: =G55*1000 -> 0 | I55: =H55-E55 -> -4161.94
A56: TL180 | B56: TESTLINER180 | D56: 180 | E56: 4161.94 | G56: =SUMIF(Planilha2!E:E,A56,Planilha2!D:D) -> 0 | H56: =G56*1000 -> 0 | I56: =H56-E56 -> -4161.94
A57: TTL120 | B57: TEST LINER - JBS | C57: 20-40-60 | D57: 120 | E57: 4161.94 | G57: =SUMIF(Planilha2!E:E,A57,Planilha2!D:D) -> 0 | H57: =G57*1000 -> 0 | I57: =H57-E57 -> -4161.94
A58: KKPT125 | D58: 125 | E58: 9960 | G58: =SUMIF(Planilha2!E:E,A58,Planilha2!D:D) -> 0 | H58: =G58*1000 -> 0 | I58: =H58-E58 -> -9960
A59: KKN120 BO | B59: kraft 125 | D59: 120 | E59: 4434 | G59: =SUMIF(Planilha2!E:E,A59,Planilha2!D:D) -> 0 | H59: =G59*1000 -> 0 | I59: =H59-E59 -> -4434
A60: KKN126 | D60: 126 | E60: 4085 | G60: =SUMIF(Planilha2!E:E,A60,Planilha2!D:D) -> 0 | H60: =G60*1000 -> 0 | I60: =H60-E60 -> -4085
A61: KKN 090 | D61: 90 | E61: 4866.7 | G61: =SUMIF(Planilha2!E:E,A61,Planilha2!D:D) -> 0 | H61: =G61*1000 -> 0 | I61: =H61-E61 -> -4866.7
A62: CKP220 | D62: 220 | G62: =SUMIF(Planilha2!E:E,A62,Planilha2!D:D) -> 0 | H62: =G62*1000 -> 0 | I62: =H62-E62 -> 0
A63: KKN 300 | D63: 300 | E63: 4137 | G63: =SUMIF(Planilha2!E:E,A63,Planilha2!D:D) -> 0 | H63: =G63*1000 -> 0 | I63: =H63-E63 -> -4137
A64: CNP150 | D64: 150 | E64: 5289.26 | G64: =SUMIF(Planilha2!E:E,A64,Planilha2!D:D) -> 0 | H64: =G64*1000 -> 0 | I64: =H64-E64 -> -5289.26
A65: KKN160WR | D65: 160 | E65: 4866.7 | G65: =SUMIF(Planilha2!E:E,A65,Planilha2!D:D) -> 0 | H65: =G65*1000 -> 0 | I65: =H65-E65 -> -4866.7
A66: KKN120 WR | D66: 120 | E66: 4866.7 | G66: =SUMIF(Planilha2!E:E,A66,Planilha2!D:D) -> 0 | H66: =G66*1000 -> 0 | I66: =H66-E66 -> -4866.7
A67: CKF190 | D67: 190 | E67: 7220.34 | G67: =SUMIF(Planilha2!E:E,A67,Planilha2!D:D) -> 0 | H67: =G67*1000 -> 0 | I67: =H67-E67 -> -7220.34
A68: CNP200 | D68: 200 | E68: 7220.34 | G68: =SUMIF(Planilha2!E:E,A68,Planilha2!D:D) -> 0 | H68: =G68*1000 -> 0 | I68: =H68-E68 -> -7220.34
A69: CNP205 | D69: 205 | E69: 6847 | G69: =SUMIF(Planilha2!E:E,A69,Planilha2!D:D) -> 0 | H69: =G69*1000 -> 0 | I69: =H69-E69 -> -6847
A70: MT110 FTP | D70: 110 | E70: 4162 | G70: =SUMIF(Planilha2!E:E,A70,Planilha2!D:D) -> 0 | H70: =G70*1000 -> 0 | I70: =H70-E70 -> -4162
A71: CKF227 | D71: 227 | E71: 7220.34 | G71: =SUMIF(Planilha2!E:E,A71,Planilha2!D:D) -> 0 | H71: =G71*1000 -> 0 | I71: =H71-E71 -> -7220.34
A72: MNN 135 | D72: 135 | E72: 3103.58 | G72: =SUMIF(Planilha2!E:E,A72,Planilha2!D:D) -> 0 | H72: =G72*1000 -> 0 | I72: =H72-E72 -> -3103.58
A73: KKN075 | D73: 75 | E73: 5075 | G73: =SUMIF(Planilha2!E:E,A73,Planilha2!D:D) -> 0 | H73: =G73*1000 -> 0 | I73: =H73-E73 -> -5075
A74: MNN 090 | D74: 90 | E74: 3103.58 | G74: =SUMIF(Planilha2!E:E,A74,Planilha2!D:D) -> 0 | H74: =G74*1000 -> 0 | I74: =H74-E74 -> -3103.58
... A81: KKN 105 BO | D81: 105 | E81: 4443.61 | G81: =SUMIF(Planilha2!E:E,A81,Planilha2!D:D) -> 0 | H81: =G81*1000 -> 0 | I81: =H81-E81 -> -4443.61
A82: MEN 170 | B82: MIOLO RECICLADO | D82: 170 | E82: 3268 | G82: =SUMIF(Planilha2!E:E,A82,Planilha2!D:D) -> 0 | H82: =G82*1000 -> 0 | I82: =H82-E82 -> -3268
A83: KKN186 | D83: 186 | E83: 4443.61 | G83: =SUMIF(Planilha2!E:E,A83,Planilha2!D:D) -> 0 | H83: =G83*1000 -> 0 | I83: =H83-E83 -> -4443.61
A84: TL 120 | D84: 120 | E84: 4782 | G84: =SUMIF(Planilha2!E:E,A84,Planilha2!D:D) -> 0 | H84: =G84*1000 -> 0 | I84: =H84-E84 -> -4782
A85: TL 90 | D85: 90 | E85: 4782 | G85: =SUMIF(Planilha2!E:E,A85,Planilha2!D:D) -> 0 | H85: =G85*1000 -> 0 | I85: =H85-E85 -> -4782
A86: CKF 205 | D86: 205 | E86: 7094 | G86: =SUMIF(Planilha2!E:E,A86,Planilha2!D:D) -> 0 | H86: =G86*1000 -> 0 | I86: =H86-E86 -> -7094
A87: KKN135 | D87: 135 | E87: 4082 | G87: =SUMIF(Planilha2!E:E,A87,Planilha2!D:D) -> 0 | H87: =G87*1000 -> 0 | I87: =H87-E87 -> -4082
A88: TL110_NVK
A89: MNN100_NVK

Sheet Julho-2025
A1: Papel | B1: Descrição | C1: Grupo | D1: Gramatura (g/m²) | E1: Custo ($/t)|Valor REAL | I1: Custo ($/t)|Valor REAL
A2: 0 | B2: OUTROS | C2: 20-40-60 | D2: 1 | E2: 1
A3: BRN 056 | B3: BRANCO 56G/M² | C3: 7-14-21 | D3: 50 | E3: 7350 | G3: 0 | H3: 0 | I3: =H3-E3 -> -7350 | J3: 7350 | K3: =J3-E3 -> 0
A4: BRN075 | B4: BRANCO 70g | D4: 75 | E4: 6023 | G4: 6.023 | H4: 6023 | I4: =H4-E4 -> 0 | J4: 6023 | K4: =J4-E4 -> 0
A5: BRN100 | C5: 7-14-21 | D5: 100 | E5: 4522 | G5: 0 | H5: 0 | I5: =H5-E5 -> -4522 | J5: 4522 | K5: =J5-E5 -> 0
A6: BRN110 | B6: Branco 110 | C6: 7-14-21 | D6: 110 | E6: 2760 | G6: 0 | H6: 0 | I6: =H6-E6 -> -2760 | J6: 2760 | K6: =J6-E6 -> 0
A7: BRN120 | B7: BRANCO WTL | C7: 7-14-21 | D7: 120 | E7: 4801 | G7: 0 | H7: 0 | I7: =H7-E7 -> -4801 | J7: 4801 | K7: =J7-E7 -> 0
A8: BRN130 | B8: BRANCO WTL | C8: 7-14-21 | D8: 120 | E8: 4682 | G8: 0 | H8: 0 | I8: =H8-E8 -> -4682 | J8: 4682 | K8: =J8-E8 -> 0
A9: BRN140 | B9: BRANCO WTL | C9: 7-14-21 | D9: 140 | E9: 5394 | G9: 0 | H9: 0 | I9: =H9-E9 -> -5394 | J9: 5394 | K9: =J9-E9 -> 0
A10: BRN150 | B10: BRANCO WTL | C10: 7-14-21 | D10: 150 | E10: 5624 | G10: 5.624 | H10: 5624 | I10: =H10-E10 -> 0 | J10: 5975 | K10: =J10-E10 -> 351
A11: BRN175 | B11: BRANCO WTL KLABIN | C11: 7-14-21 | D11: 175 | E11: 4806 | G11: 0 | H11: 0 | I11: =H11-E11 -> -4806 | J11: 4806 | K11: =J11-E11 -> 0
A12: BRN180 | B12: BRANCO | C12: 7-14-21 | D12: 175 | E12: 7796 | G12: 0 | H12: 0 | I12: =H12-E12 -> -7796 | J12: 7796 | K12: =J12-E12 -> 0
A13: BRN63 | B13: BRANCO | C13: 7-14-21 | D13: 50 | E13: 7154 | G13: 0 | H13: 0 | I13: =H13-E13 -> -7154 | J13: 7154 | K13: =J13-E13 -> 0
A14: BRN90 | B14: BRANCO 90G/M² | C14: 20-40-60 | D14: 90 | E14: 6023 | G14: 6.023 | H14: 6023 | I14: =H14-E14 -> 0 | J14: 6023 | K14: =J14-E14 -> 0
A15: CNP190 | B15: COUTING NEOPACK | C15: 20-40-60 | D15: 190 | E15: 6770 | G15: 6.77 | H15: 6770 | I15: =H15-E15 -> 0 | J15: 6847 | K15: =J15-E15 -> 77
A16: KKN 150 | B16: KRAFT 150g | D16: 150 | E16: 3971 | G16: 0 | H16: 0 | I16: =H16-E16 -> -3971 | J16: 3971 | K16: =J16-E16 -> 0
A17: KKN 375 | B17: PAPEL KRAFT 375G | C17: 7-14-21 | D17: 375 | E17: 5054 | G17: 0 | H17: 0 | I17: =H17-E17 -> -5054 | J17: 5054 | K17: =J17-E17 -> 0
A18: KKN080 | B18: KRAFT P/ ACOPLAGEM | C18: 7-14-21 | D18: 80 | E18: 5747 | G18: 0 | H18: 0 | I18: =H18-E18 -> -5747 | J18: 5747 | K18: =J18-E18 -> 0
A19: KKN90 | B19: KRAFT | C19: 7-14-21 | D19: 100 | E19: 4212 | G19: 0 | H19: 0 | I19: =H19-E19 -> -4212 | J19: 4212 | K19: =J19-E19 -> 0
A20: KKN100 | B20: KRAFT | C20: 7-14-21 | D20: 100 | E20: 4766 | G20: 0 | H20: 0 | I20: =H20-E20 -> -4766 | J20: 4766 | K20: =J20-E20 -> 0
A21: KKN110 | B21: KRAFT | C21: 7-14-21 | D21: 115 | E21: 3877 | G21: 0 | H21: 0 | I21: =H21-E21 -> -3877 | J21: 3877 | K21: =J21-E21 -> 0
A22: KKN125 | B22: KRAFT | C22: 7-14-21 | D22: 125 | E22: 4260 | G22: 4.26 | H22: 4260 | I22: =H22-E22 -> 0 | J22: 4518 | K22: =J22-E22 -> 258
A23: KKN130 | B23: KRAFT | C23: 7-14-21 | D23: 125 | E23: 5190 | G23: 0 | H23: 0 | I23: =H23-E23 -> -5190 | J23: 5190 | K23: =J23-E23 -> 0
A24: KKN140 | B24: KRAFT | C24: 7-14-21 | D24: 140 | E24: 4766 | G24: 0 | H24: 0 | I24: =H24-E24 -> -4766 | J24: 4766 | K24: =J24-E24 -> 0
A25: KKN155 | B25: KRAFT 155 | D25: 155 | E25: 5289.26 | G25: 0 | H25: 0 | I25: =H25-E25 -> -5289.26 | J25: 5289.26 | K25: =J25-E25 -> 0
A26: KKN160 | B26: KRAFT NORMAL 160g | C26: 7-14-21 | D26: 170 | E26: 4902 | G26: 0 | H26: 0 | I26: =H26-E26 -> -4902 | J26: 4902 | K26: =J26-E26 -> 0
A27: KKN170 | B27: KRAFT NORMAL 170G | C27: 7-14-21 | D27: 180 | E27: 4767 | G27: 0 | H27: 0 | I27: =H27-E27 -> -4767 | J27: 4767 | K27: =J27-E27 -> 0
A28: KKN175 | B28: KRAFT | C28: 7-14-21 | D28: 185 | E28: 4796 | G28: 4.796 | H28: 4796 | I28: =H28-E28 -> 0 | J28: 4652 | K28: =J28-E28 -> -144
A29: KKN185 | B29: KRAFT | C29: 7-14-21 | D29: 185 | E29: 5054 | G29: 0 | H29: 0 | I29: =H29-E29 -> -5054 | J29: 5054 | K29: =J29-E29 -> 0
A30: KKN190 | B30: KRAFT | C30: 7-14-21 | D30: 200 | E30: 4549 | G30: 0 | H30: 0 | I30: =H30-E30 -> -4549 | J30: 4549 | K30: =J30-E30 -> 0
A31: KKN200 | B31: KRAFT | C31: 7-14-21 | D31: 200 | E31: 4549 | G31: 0 | H31: 0 | I31: =H31-E31 -> -4549 | J31: 4549 | K31: =J31-E31 -> 0
A32: KKN240 | B32: KRAFT | C32: 7-14-21 | D32: 240 | E32: 4137 | G32: 0 | H32: 0 | I32: =H32-E32 -> -4137 | J32: 4137 | K32: =J32-E32 -> 0
A33: KKN280 | B33: KRAFT 280 | C33: 7-14-21 | D33: 280 | E33: 7004 | G33: 0 | H33: 0 | I33: =H33-E33 -> -7004 | J33: 7004 | K33: =J33-E33 -> 0
A34: KKP110 | B34: KRAFT 110g PLASTIFICADO (15g) | C34: 7-14-21 | D34: 130 | E34: 8185 | G34: 0 | H34: 0 | I34: =H34-E34 -> -8185 | J34: 8185 | K34: =J34-E34 -> 0
A35: KKP125 | B35: KKN125(125g) + Plastif(15g) | C35: 7-14-21 | D35: 145 | E35: 5054 | G35: 5.054 | H35: 5054 | I35: =H35-E35 -> 0 | J35: 8185 | K35: =J35-E35 -> 3131
A36: MEN 190 | B36: MIOLO ESPECIAL 190 | C36: 7-14-21 | D36: 190 | E36: 3363 | G36: 3.363 | H36: 3363 | I36: =H36-E36 -> 0 | J36: 3361 | K36: =J36-E36 -> -2
A37: MEN 350 | B37: MIOLO 350 GRAMAS ESPECIAL | C37: 7-14-21 | D37: 350 | E37: 3356.52 | G37: 0 | H37: 0 | I37: =H37-E37 -> -3356.52 | J37: 3356.52 | K37: =J37-E37 -> 0
... A39: MEN165 | B39: MIOLO RECICLADO | C39: 7-14-21 | D39: 165 | E39: 3356.52 | G39: 0 | H39: 0 | I39: =H39-E39 -> -3356.52 | J39: 3356.52 | K39: =J39-E39 -> 0
A40: MK 110 | D40: 110 | E40: 4161.94 | G40: 0 | H40: 0 | I40: =H40-E40 -> -4161.94 | J40: 4161.94 | K40: =J40-E40 -> 0
A41: MNN100 | B41: MIOLO RECICLADO | C41: 7-14-21 | D41: 100 | E41: 3101 | G41: 0 | H41: 0 | I41: =H41-E41 -> -3101 | J41: 3101 | K41: =J41-E41 -> 0
A42: MNN110 | B42: MIOLO RECICLADO | C42: 7-14-21 | D42: 110 | E42: 3319 | G42: 3.319 | H42: 3319 | I42: =H42-E42 -> 0 | J42: 3341 | K42: =J42-E42 -> 22
A43: MNN120 | B43: MIOLO RECICLADO | C43: 7-14-21 | D43: 125 | E43: 3352 | G43: 0 | H43: 0 | I43: =H43-E43 -> -3352 | J43: 3352 | K43: =J43-E43 -> 0
A44: MNN130 | B44: MIOLO RECICLADO | C44: 7-14-21 | D44: 135 | E44: 3356.52 | G44: 0 | H44: 0 | I44: =H44-E44 -> -3356.52 | J44: 3356.52 | K44: =J44-E44 -> 0
A45: MNN140 | B45: MIOLO RECICLADO | C45: 7-14-21 | D45: 140 | E45: 3356.52 | G45: 0 | H45: 0 | I45: =H45-E45 -> -3356.52 | J45: 3356.52 | K45: =J45-E45 -> 0
A46: MS 130 | B46: MIOLO SIZE | D46: 130 | E46: 3356.52 | G46: 0 | H46: 0 | I46: =H46-E46 -> -3356.52 | J46: 3356.52 | K46: =J46-E46 -> 0
A47: MT 100 | C47: 7-14-21 | D47: 100 | E47: 4161.94 | G47: 0 | H47: 0 | I47: =H47-E47 -> -4161.94 | J47: 4161.94 | K47: =J47-E47 -> 0
A48: MT080 | C48: 7-14-21 | D48: 80 | E48: 4161.94 | G48: 0 | H48: 0 | I48: =H48-E48 -> -4161.94 | J48: 4161.94 | K48: =J48-E48 -> 0
A49: MT110 | C49: 7-14-21 | D49: 110 | E49: 4161.94 | G49: 0 | H49: 0 | I49: =H49-E49 -> -4161.94 | J49: 4161.94 | K49: =J49-E49 -> 0
A50: MT120 | C50: 7-14-21 | D50: 120 | E50: 4161.94 | G50: 0 | H50: 0 | I50: =H50-E50 -> -4161.94 | J50: 4161.94 | K50: =J50-E50 -> 0
A51: MT140 | C51: 7-14-21 | D51: 140 | E51: 4161.94 | G51: 0 | H51: 0 | I51: =H51-E51 -> -4161.94 | J51: 4161.94 | K51: =J51-E51 -> 0
A52: MT160 | D52: 160 | E52: 4161.94 | G52: 0 | H52: 0 | I52: =H52-E52 -> -4161.94 | J52: 4161.94 | K52: =J52-E52 -> 0
A53: MT185 | C53: 7-14-21 | D53: 185 | E53: 4162 | G53: 0 | H53: 0 | I53: =H53-E53 -> -4162 | J53: 4162 | K53: =J53-E53 -> 0
A54: MTP120 | C54: 7-14-21 | D54: 140 | E54: 4162 | G54: 0 | H54: 0 | I54: =H54-E54 -> -4162 | J54: 4162 | K54: =J54-E54 -> 0
A55: TL125 | B55: Testliner de 125g | C55: 7-14-21 | D55: 125 | E55: 4161.94 | G55: 0 | H55: 0 | I55: =H55-E55 -> -4161.94 | J55: 4161.94 | K55: =J55-E55 -> 0
A56: TL180 | B56: TESTLINER180 | D56: 180 | E56: 4161.94 | G56: 0 | H56: 0 | I56: =H56-E56 -> -4161.94 | J56: 4161.94 | K56: =J56-E56 -> 0
A57: TTL120 | B57: TEST LINER - JBS | C57: 20-40-60 | D57: 120 | E57: 4161.94 | G57: 0 | H57: 0 | I57: =H57-E57 -> -4161.94 | J57: 4161.94 | K57: =J57-E57 -> 0
A58: KKPT125 | D58: 125 | E58: 9960 | G58: 9.96 | H58: 9960 | I58: =H58-E58 -> 0 | J58: 9960 | K58: =J58-E58 -> 0
A59: KKN120 BO | B59: kraft 125 | D59: 120 | E59: 4434 | G59: 0 | H59: 0 | I59: =H59-E59 -> -4434 | J59: 4434 | K59: =J59-E59 -> 0
A60: KKN126 | D60: 126 | E60: 4085 | G60: 0 | H60: 0 | I60: =H60-E60 -> -4085 | J60: 4085 | K60: =J60-E60 -> 0
A61: KKN 090 | D61: 90 | E61: 4866.7 | G61: 0 | H61: 0 | I61: =H61-E61 -> -4866.7 | J61: 4866.7 | K61: =J61-E61 -> 0
A62: CKP220 | D62: 220 | G62: 0 | H62: 0 | I62: =H62-E62 -> 0 | K62: =J62-E62 -> 0
A63: KKN 300 | D63: 300 | E63: 4137 | G63: 0 | H63: 0 | I63: =H63-E63 -> -4137 | J63: 4137 | K63: =J63-E63 -> 0
A64: CNP150 | D64: 150 | E64: 5289.26 | G64: 0 | H64: 0 | I64: =H64-E64 -> -5289.26 | J64: 5289.26 | K64: =J64-E64 -> 0
A65: KKN160WR | D65: 160 | E65: 4866.7 | G65: 0 | H65: 0 | I65: =H65-E65 -> -4866.7 | J65: 4866.7 | K65: =J65-E65 -> 0
A66: KKN120 WR | D66: 120 | E66: 4866.7 | G66: 0 | H66: 0 | I66: =H66-E66 -> -4866.7 | J66: 4866.7 | K66: =J66-E66 -> 0
A67: CKF190 | D67: 190 | E67: 7220.34 | G67: 0 | H67: 0 | I67: =H67-E67 -> -7220.34 | J67: 7220.34 | K67: =J67-E67 -> 0
A68: CNP200 | D68: 200 | E68: 7220.34 | G68: 0 | H68: 0 | I68: =H68-E68 -> -7220.34 | J68: 7220.34 | K68: =J68-E68 -> 0
A69: CNP205 | D69: 205 | E69: 6847 | G69: 0 | H69: 0 | I69: =H69-E69 -> -6847 | J69: 6847 | K69: =J69-E69 -> 0
A70: MT110 FTP | D70: 110 | E70: 4162 | G70: 0 | H70: 0 | I70: =H70-E70 -> -4162 | J70: 4162 | K70: =J70-E70 -> 0
A71: CKF227 | D71: 227 | E71: 7220.34 | G71: 0 | H71: 0 | I71: =H71-E71 -> -7220.34 | J71: 7220.34 | K71: =J71-E71 -> 0
A72: MNN 135 | D72: 135 | E72: 3103.58 | G72: 0 | H72: 0 | I72: =H72-E72 -> -3103.58 | J72: 3103.58 | K72: =J72-E72 -> 0
A73: KKN075 | D73: 75 | E73: 5075 | G73: 0 | H73: 0 | I73: =H73-E73 -> -5075 | J73: 5075 | K73: =J73-E73 -> 0
A74: MNN 090 | D74: 90 | E74: 3103.58 | G74: 0 | H74: 0 | I74: =H74-E74 -> -3103.58 | J74: 3103.58 | K74: =J74-E74 -> 0
... A81: KKN 105 BO | D81: 105 | E81: 4443.61 | G81: 0 | H81: 0 | I81: =H81-E81 -> -4443.61 | J81: 4443.61 | K81: =J81-E81 -> 0
A82: MEN 170 | B82: MIOLO RECICLADO | D82: 170 | E82: 3268 | G82: 0 | H82: 0 | I82: =H82-E82 -> -3268 | J82: 3268 | K82: =J82-E82 -> 0
A83: KKN186 | D83: 186 | E83: 4443.61 | G83: 0 | H83: 0 | I83: =H83-E83 -> -4443.61 | J83: 4443.61 | K83: =J83-E83 -> 0
A84: TL 120 | D84: 120 | E84: 4782 | G84: 0 | H84: 0 | I84: =H84-E84 -> -4782 | J84: 4782 | K84: =J84-E84 -> 0
A85: TL 90 | D85: 90 | E85: 4782 | G85: 0 | H85: 0 | I85: =H85-E85 -> -4782 | J85: 4782 | K85: =J85-E85 -> 0
A86: CKF 205 | D86: 205 | E86: 7094 | G86: 0 | H86: 0 | I86: =H86-E86 -> -7094 | J86: 7094 | K86: =J86-E86 -> 0
A87: KKN135 | D87: 135 | E87: 4082 | G87: 0 | H87: 0 | I87: =H87-E87 -> -4082 | J87: 4082 | K87: =J87-E87 -> 0
A88: TL110_NVK | K88: =J88-E88 -> 0
A89: MNN100_NVK | K89: =J89-E89 -> 0

Sheet Agosto-2025
A1: Papel | B1: Descrição | C1: Grupo | D1: Gramatura (g/m²) | E1: Custo ($/t)|Valor REAL | I1: Custo ($/t)|Valor REAL
A2: 0 | B2: OUTROS | C2: 20-40-60 | D2: 1 | E2: 1
A3: BRN 056 | B3: BRANCO 56G/M² | C3: 7-14-21 | D3: 50 | E3: 7350 | G3: 0 | H3: =G3*1000 -> 0 | I3: =H3-E3 -> -7350 | J3: 7350 | K3: =J3-E3 -> 0
A4: BRN075 | B4: BRANCO 70g | D4: 75 | E4: 6023 | G4: 0 | H4: =G4*1000 -> 0 | I4: =H4-E4 -> -6023 | J4: 6023 | K4: =J4-E4 -> 0
A5: BRN100 | C5: 7-14-21 | D5: 100 | E5: 4522 | G5: 0 | H5: =G5*1000 -> 0 | I5: =H5-E5 -> -4522 | J5: 4522 | K5: =J5-E5 -> 0
A6: BRN110 | B6: Branco 110 | C6: 7-14-21 | D6: 110 | E6: 2760 | G6: 0 | H6: =G6*1000 -> 0 | I6: =H6-E6 -> -2760 | J6: 2760 | K6: =J6-E6 -> 0
A7: BRN120 | B7: BRANCO WTL | C7: 7-14-21 | D7: 120 | E7: 4801 | G7: 0 | H7: =G7*1000 -> 0 | I7: =H7-E7 -> -4801 | J7: 4801 | K7: =J7-E7 -> 0
A8: BRN130 | B8: BRANCO WTL | C8: 7-14-21 | D8: 120 | E8: 4682 | G8: 0 | H8: =G8*1000 -> 0 | I8: =H8-E8 -> -4682 | J8: 4682 | K8: =J8-E8 -> 0
A9: BRN140 | B9: BRANCO WTL | C9: 7-14-21 | D9: 140 | E9: 5394 | G9: 0 | H9: =G9*1000 -> 0 | I9: =H9-E9 -> -5394 | J9: 5394 | K9: =J9-E9 -> 0
A10: BRN150 | B10: BRANCO WTL | C10: 7-14-21 | D10: 150 | E10: 5484 | G10: 5.484 | H10: =G10*1000 -> 5484 | I10: =H10-E10 -> 0 | J10: 5975 | K10: =J10-E10 -> 491
A11: BRN175 | B11: BRANCO WTL KLABIN | C11: 7-14-21 | D11: 175 | E11: 4752 | G11: 4.752 | H11: =G11*1000 -> 4752 | I11: =H11-E11 -> 0 | J11: 4806 | K11: =J11-E11 -> 54
A12: BRN180 | B12: BRANCO | C12: 7-14-21 | D12: 175 | E12: 7796 | G12: 0 | H12: =G12*1000 -> 0 | I12: =H12-E12 -> -7796 | J12: 7796 | K12: =J12-E12 -> 0
A13: BRN63 | B13: BRANCO | C13: 7-14-21 | D13: 50 | E13: 7154 | G13: 0 | H13: =G13*1000 -> 0 | I13: =H13-E13 -> -7154 | J13: 7154 | K13: =J13-E13 -> 0
A14: BRN90 | B14: BRANCO 90G/M² | C14: 20-40-60 | D14: 90 | E14: 6023 | G14: 0 | H14: =G14*1000 -> 0 | I14: =H14-E14 -> -6023 | J14: 6023 | K14: =J14-E14 -> 0
A15: CNP190 | B15: COUTING NEOPACK | C15: 20-40-60 | D15: 190 | E15: 6770 | G15: 0 | H15: =G15*1000 -> 0 | I15: =H15-E15 -> -6770 | J15: 6847 | K15: =J15-E15 -> 77
A16: KKN 150 | B16: KRAFT 150g | D16: 150 | E16: 3971 | G16: 0 | H16: =G16*1000 -> 0 | I16: =H16-E16 -> -3971 | J16: 3971 | K16: =J16-E16 -> 0
A17: KKN 375 | B17: PAPEL KRAFT 375G | C17: 7-14-21 | D17: 375 | E17: 5054 | G17: 5.054 | H17: =G17*1000 -> 5054 | I17: =H17-E17 -> 0 | J17: 5054 | K17: =J17-E17 -> 0
A18: KKN080 | B18: KRAFT P/ ACOPLAGEM | C18: 7-14-21 | D18: 80 | E18: 5747 | G18: 0 | H18: =G18*1000 -> 0 | I18: =H18-E18 -> -5747 | J18: 5747 | K18: =J18-E18 -> 0
A19: KKN90 | B19: KRAFT | C19: 7-14-21 | D19: 100 | E19: 4212 | G19: 0 | H19: =G19*1000 -> 0 | I19: =H19-E19 -> -4212 | J19: 4212 | K19: =J19-E19 -> 0
A20: KKN100 | B20: KRAFT | C20: 7-14-21 | D20: 100 | E20: 4766 | G20: 0 | H20: =G20*1000 -> 0 | I20: =H20-E20 -> -4766 | J20: 4766 | K20: =J20-E20 -> 0
A21: KKN110 | B21: KRAFT | C21: 7-14-21 | D21: 115 | E21: 3877 | G21: 0 | H21: =G21*1000 -> 0 | I21: =H21-E21 -> -3877 | J21: 3877 | K21: =J21-E21 -> 0
A22: KKN125 | B22: KRAFT | C22: 7-14-21 | D22: 125 | E22: 5198 | G22: 5.198 | H22: =G22*1000 -> 5198 | I22: =H22-E22 -> 0 | J22: 4518 | K22: =J22-E22 -> -680
A23: KKN130 | B23: KRAFT | C23: 7-14-21 | D23: 125 | E23: 5190 | G23: 0 | H23: =G23*1000 -> 0 | I23: =H23-E23 -> -5190 | J23: 5190 | K23: =J23-E23 -> 0
A24: KKN140 | B24: KRAFT | C24: 7-14-21 | D24: 140 | E24: 4766 | G24: 0 | H24: =G24*1000 -> 0 | I24: =H24-E24 -> -4766 | J24: 4766 | K24: =J24-E24 -> 0
A25: KKN155 | B25: KRAFT 155 | D25: 155 | E25: 5289.26 | G25: 0 | H25: =G25*1000 -> 0 | I25: =H25-E25 -> -5289.26 | J25: 5289.26 | K25: =J25-E25 -> 0
A26: KKN160 | B26: KRAFT NORMAL 160g | C26: 7-14-21 | D26: 170 | E26: 4902 | G26: 0 | H26: =G26*1000 -> 0 | I26: =H26-E26 -> -4902 | J26: 4902 | K26: =J26-E26 -> 0
A27: KKN170 | B27: KRAFT NORMAL 170G | C27: 7-14-21 | D27: 180 | E27: 4767 | G27: 0 | H27: =G27*1000 -> 0 | I27: =H27-E27 -> -4767 | J27: 4767 | K27: =J27-E27 -> 0
A28: KKN175 | B28: KRAFT | C28: 7-14-21 | D28: 185 | E28: 4754 | G28: 4.754 | H28: =G28*1000 -> 4754 | I28: =H28-E28 -> 0 | J28: 4652 | K28: =J28-E28 -> -102
A29: KKN185 | B29: KRAFT | C29: 7-14-21 | D29: 185 | E29: 5054 | G29: 0 | H29: =G29*1000 -> 0 | I29: =H29-E29 -> -5054 | J29: 5054 | K29: =J29-E29 -> 0
A30: KKN190 | B30: KRAFT | C30: 7-14-21 | D30: 200 | E30: 4549 | G30: 0 | H30: =G30*1000 -> 0 | I30: =H30-E30 -> -4549 | J30: 4549 | K30: =J30-E30 -> 0
A31: KKN200 | B31: KRAFT | C31: 7-14-21 | D31: 200 | E31: 4549 | G31: 0 | H31: =G31*1000 -> 0 | I31: =H31-E31 -> -4549 | J31: 4549 | K31: =J31-E31 -> 0
A32: KKN240 | B32: KRAFT | C32: 7-14-21 | D32: 240 | E32: 4137 | G32: 0 | H32: =G32*1000 -> 0 | I32: =H32-E32 -> -4137 | J32: 4137 | K32: =J32-E32 -> 0
A33: KKN280 | B33: KRAFT 280 | C33: 7-14-21 | D33: 280 | E33: 7004 | G33: 0 | H33: =G33*1000 -> 0 | I33: =H33-E33 -> -7004 | J33: 7004 | K33: =J33-E33 -> 0
A34: KKP110 | B34: KRAFT 110g PLASTIFICADO (15g) | C34: 7-14-21 | D34: 130 | E34: 8185 | G34: 0 | H34: =G34*1000 -> 0 | I34: =H34-E34 -> -8185 | J34: 8185 | K34: =J34-E34 -> 0
A35: KKP125 | B35: KKN125(125g) + Plastif(15g) | C35: 7-14-21 | D35: 145 | E35: 5054 | G35: 0 | H35: =G35*1000 -> 0 | I35: =H35-E35 -> -5054 | J35: 8185 | K35: =J35-E35 -> 3131
A36: MEN 190 | B36: MIOLO ESPECIAL 190 | C36: 7-14-21 | D36: 190 | E36: 3339 | G36: 3.339 | H36: =G36*1000 -> 3339 | I36: =H36-E36 -> 0 | J36: 3361 | K36: =J36-E36 -> 22
A37: MEN 350 | B37: MIOLO 350 GRAMAS ESPECIAL | C37: 7-14-21 | D37: 350 | E37: 3356.52 | G37: 0 | H37: =G37*1000 -> 0 | I37: =H37-E37 -> -3356.52 | J37: 3356.52 | K37: =J37-E37 -> 0
... A39: MEN165 | B39: MIOLO RECICLADO | C39: 7-14-21 | D39: 165 | E39: 3356.52 | G39: 0 | H39: =G39*1000 -> 0 | I39: =H39-E39 -> -3356.52 | J39: 3356.52 | K39: =J39-E39 -> 0
A40: MK 110 | D40: 110 | E40: 4161.94 | G40: 0 | H40: =G40*1000 -> 0 | I40: =H40-E40 -> -4161.94 | J40: 4161.94 | K40: =J40-E40 -> 0
A41: MNN100 | B41: MIOLO RECICLADO | C41: 7-14-21 | D41: 100 | E41: 3101 | G41: 0 | H41: =G41*1000 -> 0 | I41: =H41-E41 -> -3101 | J41: 3101 | K41: =J41-E41 -> 0
A42: MNN110 | B42: MIOLO RECICLADO | C42: 7-14-21 | D42: 110 | E42: 3382 | G42: 3.382 | H42: =G42*1000 -> 3382 | I42: =H42-E42 -> 0 | J42: 3341 | K42: =J42-E42 -> -41
A43: MNN120 | B43: MIOLO RECICLADO | C43: 7-14-21 | D43: 125 | E43: 3352 | G43: 0 | H43: =G43*1000 -> 0 | I43: =H43-E43 -> -3352 | J43: 3352 | K43: =J43-E43 -> 0
A44: MNN130 | B44: MIOLO RECICLADO | C44: 7-14-21 | D44: 135 | E44: 3356.52 | G44: 0 | H44: =G44*1000 -> 0 | I44: =H44-E44 -> -3356.52 | J44: 3356.52 | K44: =J44-E44 -> 0
A45: MNN140 | B45: MIOLO RECICLADO | C45: 7-14-21 | D45: 140 | E45: 3356.52 | G45: 0 | H45: =G45*1000 -> 0 | I45: =H45-E45 -> -3356.52 | J45: 3356.52 | K45: =J45-E45 -> 0
A46: MS 130 | B46: MIOLO SIZE | D46: 130 | E46: 3356.52 | G46: 0 | H46: =G46*1000 -> 0 | I46: =H46-E46 -> -3356.52 | J46: 3356.52 | K46: =J46-E46 -> 0
A47: MT 100 | C47: 7-14-21 | D47: 100 | E47: 4161.94 | G47: 0 | H47: =G47*1000 -> 0 | I47: =H47-E47 -> -4161.94 | J47: 4161.94 | K47: =J47-E47 -> 0
A48: MT080 | C48: 7-14-21 | D48: 80 | E48: 4161.94 | G48: 0 | H48: =G48*1000 -> 0 | I48: =H48-E48 -> -4161.94 | J48: 4161.94 | K48: =J48-E48 -> 0
A49: MT110 | C49: 7-14-21 | D49: 110 | E49: 4161.94 | G49: 0 | H49: =G49*1000 -> 0 | I49: =H49-E49 -> -4161.94 | J49: 4161.94 | K49: =J49-E49 -> 0
A50: MT120 | C50: 7-14-21 | D50: 120 | E50: 4161.94 | G50: 0 | H50: =G50*1000 -> 0 | I50: =H50-E50 -> -4161.94 | J50: 4161.94 | K50: =J50-E50 -> 0
A51: MT140 | C51: 7-14-21 | D51: 140 | E51: 4161.94 | G51: 0 | H51: =G51*1000 -> 0 | I51: =H51-E51 -> -4161.94 | J51: 4161.94 | K51: =J51-E51 -> 0
A52: MT160 | D52: 160 | E52: 4161.94 | G52: 0 | H52: =G52*1000 -> 0 | I52: =H52-E52 -> -4161.94 | J52: 4161.94 | K52: =J52-E52 -> 0
A53: MT185 | C53: 7-14-21 | D53: 185 | E53: 4162 | G53: 0 | H53: =G53*1000 -> 0 | I53: =H53-E53 -> -4162 | J53: 4162 | K53: =J53-E53 -> 0
A54: MTP120 | C54: 7-14-21 | D54: 140 | E54: 4162 | G54: 0 | H54: =G54*1000 -> 0 | I54: =H54-E54 -> -4162 | J54: 4162 | K54: =J54-E54 -> 0
